Trial,Concentration,soil_well,plate_unique,plate_id,plate_well,rfu
Bio_1,undiluted,A1,plate_0,RFP_1_plate_1_shaking,A1,22.163
,,,plate_0,RFP_1_plate_1_shaking,A2,517.508
,,,plate_0,RFP_1_plate_1_shaking,A3,532.51
,,,plate_0,RFP_1_plate_1_shaking,A4,397.897
,,,plate_0,RFP_1_plate_1_shaking,A5,425.865
,,,plate_0,RFP_1_plate_1_shaking,A6,596.256
,,,plate_0,RFP_1_plate_1_shaking,A7,601.964
,,,plate_0,RFP_1_plate_1_shaking,A8,531.865
,,,plate_0,RFP_1_plate_1_shaking,A9,175.547
,,,plate_0,RFP_1_plate_1_shaking,A10,4.63
,,,plate_0,RFP_1_plate_1_shaking,A11,4.151
,,,plate_0,RFP_1_plate_1_shaking,A12,5.097
,,,plate_0,RFP_1_plate_1_shaking,B1,25
,,,plate_0,RFP_1_plate_1_shaking,B2,484.389
,,,plate_0,RFP_1_plate_1_shaking,B3,424.791
,,,plate_0,RFP_1_plate_1_shaking,B4,439.467
,,,plate_0,RFP_1_plate_1_shaking,B5,392.711
,,,plate_0,RFP_1_plate_1_shaking,B6,548.023
,,,plate_0,RFP_1_plate_1_shaking,B7,573.093
,,,plate_0,RFP_1_plate_1_shaking,B8,432.069
,,,plate_0,RFP_1_plate_1_shaking,B9,433.915
,,,plate_0,RFP_1_plate_1_shaking,B10,341.38
,,,plate_0,RFP_1_plate_1_shaking,B11,4.817
,,,plate_0,RFP_1_plate_1_shaking,B12,4.472
,,,plate_0,RFP_1_plate_1_shaking,C1,28.64
,,,plate_0,RFP_1_plate_1_shaking,C2,492.207
,,,plate_0,RFP_1_plate_1_shaking,C3,453.487
,,,plate_0,RFP_1_plate_1_shaking,C4,438.241
,,,plate_0,RFP_1_plate_1_shaking,C5,397.406
,,,plate_0,RFP_1_plate_1_shaking,C6,535.374
,,,plate_0,RFP_1_plate_1_shaking,C7,506.085
,,,plate_0,RFP_1_plate_1_shaking,C8,384.739
,,,plate_0,RFP_1_plate_1_shaking,C9,96.005
,,,plate_0,RFP_1_plate_1_shaking,C10,4.066
,,,plate_0,RFP_1_plate_1_shaking,C11,3.735
,,,plate_0,RFP_1_plate_1_shaking,C12,4.195
,,,plate_0,RFP_1_plate_1_shaking,D1,29.382
,,,plate_0,RFP_1_plate_1_shaking,D2,540.354
,,,plate_0,RFP_1_plate_1_shaking,D3,411.215
,,,plate_0,RFP_1_plate_1_shaking,D4,435.789
,,,plate_0,RFP_1_plate_1_shaking,D5,423.354
,,,plate_0,RFP_1_plate_1_shaking,D6,516.477
,,,plate_0,RFP_1_plate_1_shaking,D7,491.755
,,,plate_0,RFP_1_plate_1_shaking,D8,409.052
,,,plate_0,RFP_1_plate_1_shaking,D9,4.168
,,,plate_0,RFP_1_plate_1_shaking,D10,4.576
,,,plate_0,RFP_1_plate_1_shaking,D11,4.374
,,,plate_0,RFP_1_plate_1_shaking,D12,4.563
,,,plate_0,RFP_1_plate_1_shaking,E1,26.812
,,,plate_0,RFP_1_plate_1_shaking,E2,462.724
,,,plate_0,RFP_1_plate_1_shaking,E3,432.444
,,,plate_0,RFP_1_plate_1_shaking,E4,435.977
,,,plate_0,RFP_1_plate_1_shaking,E5,424.648
,,,plate_0,RFP_1_plate_1_shaking,E6,538.458
,,,plate_0,RFP_1_plate_1_shaking,E7,487.454
,,,plate_0,RFP_1_plate_1_shaking,E8,404.503
,,,plate_0,RFP_1_plate_1_shaking,E9,333.647
,,,plate_0,RFP_1_plate_1_shaking,E10,4.464
,,,plate_0,RFP_1_plate_1_shaking,E11,4.091
,,,plate_0,RFP_1_plate_1_shaking,E12,4.962
,,,plate_0,RFP_1_plate_1_shaking,F1,22.108
,,,plate_0,RFP_1_plate_1_shaking,F2,451.586
,,,plate_0,RFP_1_plate_1_shaking,F3,444.369
,,,plate_0,RFP_1_plate_1_shaking,F4,366.821
,,,plate_0,RFP_1_plate_1_shaking,F5,413.536
,,,plate_0,RFP_1_plate_1_shaking,F6,505.524
,,,plate_0,RFP_1_plate_1_shaking,F7,484.66
,,,plate_0,RFP_1_plate_1_shaking,F8,445.312
,,,plate_0,RFP_1_plate_1_shaking,F9,3.961
,,,plate_0,RFP_1_plate_1_shaking,F10,4.204
,,,plate_0,RFP_1_plate_1_shaking,F11,4.52
,,,plate_0,RFP_1_plate_1_shaking,F12,4.668
,,,plate_0,RFP_1_plate_1_shaking,G1,28.386
,,,plate_0,RFP_1_plate_1_shaking,G2,517.083
,,,plate_0,RFP_1_plate_1_shaking,G3,434.053
,,,plate_0,RFP_1_plate_1_shaking,G4,332.685
,,,plate_0,RFP_1_plate_1_shaking,G5,409.378
,,,plate_0,RFP_1_plate_1_shaking,G6,551.595
,,,plate_0,RFP_1_plate_1_shaking,G7,515.056
,,,plate_0,RFP_1_plate_1_shaking,G8,466.645
,,,plate_0,RFP_1_plate_1_shaking,G9,254.345
,,,plate_0,RFP_1_plate_1_shaking,G10,4.244
,,,plate_0,RFP_1_plate_1_shaking,G11,4.273
,,,plate_0,RFP_1_plate_1_shaking,G12,4.725
,,,plate_0,RFP_1_plate_1_shaking,H1,29.629
,,,plate_0,RFP_1_plate_1_shaking,H2,746.446
,,,plate_0,RFP_1_plate_1_shaking,H3,487.485
,,,plate_0,RFP_1_plate_1_shaking,H4,446.495
,,,plate_0,RFP_1_plate_1_shaking,H5,478.85
,,,plate_0,RFP_1_plate_1_shaking,H6,565.502
,,,plate_0,RFP_1_plate_1_shaking,H7,630.25
,,,plate_0,RFP_1_plate_1_shaking,H8,516.41
,,,plate_0,RFP_1_plate_1_shaking,H9,327.432
,,,plate_0,RFP_1_plate_1_shaking,H10,4.127
,,,plate_0,RFP_1_plate_1_shaking,H11,4.786
,,,plate_0,RFP_1_plate_1_shaking,H12,4.125
Bio_1,undiluted,A2,plate_1,RFP_2_plate_1,A1,16.005
,,,plate_1,RFP_2_plate_1,A2,332.495
,,,plate_1,RFP_2_plate_1,A3,383.518
,,,plate_1,RFP_2_plate_1,A4,360.727
,,,plate_1,RFP_2_plate_1,A5,336.114
,,,plate_1,RFP_2_plate_1,A6,460.449
,,,plate_1,RFP_2_plate_1,A7,519.263
,,,plate_1,RFP_2_plate_1,A8,360.796
,,,plate_1,RFP_2_plate_1,A9,3.587
,,,plate_1,RFP_2_plate_1,A10,3.147
,,,plate_1,RFP_2_plate_1,A11,2.935
,,,plate_1,RFP_2_plate_1,A12,3.174
,,,plate_1,RFP_2_plate_1,B1,17.734
,,,plate_1,RFP_2_plate_1,B2,503.275
,,,plate_1,RFP_2_plate_1,B3,369.22
,,,plate_1,RFP_2_plate_1,B4,276.016
,,,plate_1,RFP_2_plate_1,B5,303.634
,,,plate_1,RFP_2_plate_1,B6,392.318
,,,plate_1,RFP_2_plate_1,B7,435.752
,,,plate_1,RFP_2_plate_1,B8,352.715
,,,plate_1,RFP_2_plate_1,B9,341.628
,,,plate_1,RFP_2_plate_1,B10,249.015
,,,plate_1,RFP_2_plate_1,B11,3.287
,,,plate_1,RFP_2_plate_1,B12,3.029
,,,plate_1,RFP_2_plate_1,C1,19.028
,,,plate_1,RFP_2_plate_1,C2,540.959
,,,plate_1,RFP_2_plate_1,C3,339.591
,,,plate_1,RFP_2_plate_1,C4,299.786
,,,plate_1,RFP_2_plate_1,C5,286.581
,,,plate_1,RFP_2_plate_1,C6,358.638
,,,plate_1,RFP_2_plate_1,C7,373.349
,,,plate_1,RFP_2_plate_1,C8,347.386
,,,plate_1,RFP_2_plate_1,C9,3.469
,,,plate_1,RFP_2_plate_1,C10,3.688
,,,plate_1,RFP_2_plate_1,C11,3.115
,,,plate_1,RFP_2_plate_1,C12,3.127
,,,plate_1,RFP_2_plate_1,D1,18.789
,,,plate_1,RFP_2_plate_1,D2,514.52
,,,plate_1,RFP_2_plate_1,D3,342.058
,,,plate_1,RFP_2_plate_1,D4,291.047
,,,plate_1,RFP_2_plate_1,D5,277.758
,,,plate_1,RFP_2_plate_1,D6,330.879
,,,plate_1,RFP_2_plate_1,D7,361.684
,,,plate_1,RFP_2_plate_1,D8,348.968
,,,plate_1,RFP_2_plate_1,D9,174.585
,,,plate_1,RFP_2_plate_1,D10,3.435
,,,plate_1,RFP_2_plate_1,D11,3.682
,,,plate_1,RFP_2_plate_1,D12,3.706
,,,plate_1,RFP_2_plate_1,E1,17.346
,,,plate_1,RFP_2_plate_1,E2,430.245
,,,plate_1,RFP_2_plate_1,E3,306.04
,,,plate_1,RFP_2_plate_1,E4,290.489
,,,plate_1,RFP_2_plate_1,E5,279.018
,,,plate_1,RFP_2_plate_1,E6,341.054
,,,plate_1,RFP_2_plate_1,E7,372.65
,,,plate_1,RFP_2_plate_1,E8,337.208
,,,plate_1,RFP_2_plate_1,E9,3.27
,,,plate_1,RFP_2_plate_1,E10,3.011
,,,plate_1,RFP_2_plate_1,E11,3.344
,,,plate_1,RFP_2_plate_1,E12,3.141
,,,plate_1,RFP_2_plate_1,F1,16.511
,,,plate_1,RFP_2_plate_1,F2,592.272
,,,plate_1,RFP_2_plate_1,F3,341.847
,,,plate_1,RFP_2_plate_1,F4,294.714
,,,plate_1,RFP_2_plate_1,F5,289.065
,,,plate_1,RFP_2_plate_1,F6,357.972
,,,plate_1,RFP_2_plate_1,F7,360.987
,,,plate_1,RFP_2_plate_1,F8,355.091
,,,plate_1,RFP_2_plate_1,F9,295.481
,,,plate_1,RFP_2_plate_1,F10,3.548
,,,plate_1,RFP_2_plate_1,F11,3.305
,,,plate_1,RFP_2_plate_1,F12,3.206
,,,plate_1,RFP_2_plate_1,G1,17.754
,,,plate_1,RFP_2_plate_1,G2,606.604
,,,plate_1,RFP_2_plate_1,G3,389.458
,,,plate_1,RFP_2_plate_1,G4,326.148
,,,plate_1,RFP_2_plate_1,G5,296.876
,,,plate_1,RFP_2_plate_1,G6,391.87
,,,plate_1,RFP_2_plate_1,G7,402.952
,,,plate_1,RFP_2_plate_1,G8,343.29
,,,plate_1,RFP_2_plate_1,G9,324.169
,,,plate_1,RFP_2_plate_1,G10,3.524
,,,plate_1,RFP_2_plate_1,G11,2.854
,,,plate_1,RFP_2_plate_1,G12,3.172
,,,plate_1,RFP_2_plate_1,H1,19.738
,,,plate_1,RFP_2_plate_1,H2,832.979
,,,plate_1,RFP_2_plate_1,H3,435.019
,,,plate_1,RFP_2_plate_1,H4,347.676
,,,plate_1,RFP_2_plate_1,H5,309.7
,,,plate_1,RFP_2_plate_1,H6,417.952
,,,plate_1,RFP_2_plate_1,H7,384.01
,,,plate_1,RFP_2_plate_1,H8,321.124
,,,plate_1,RFP_2_plate_1,H9,245.519
,,,plate_1,RFP_2_plate_1,H10,2.559
,,,plate_1,RFP_2_plate_1,H11,3.264
,,,plate_1,RFP_2_plate_1,H12,3.009
Bio_1,undiluted,A3,plate_2,RFP_3_plate_1,A1,20.947
,,,plate_2,RFP_3_plate_1,A2,296.202
,,,plate_2,RFP_3_plate_1,A3,345.056
,,,plate_2,RFP_3_plate_1,A4,337.905
,,,plate_2,RFP_3_plate_1,A5,216.584
,,,plate_2,RFP_3_plate_1,A6,462.747
,,,plate_2,RFP_3_plate_1,A7,483.743
,,,plate_2,RFP_3_plate_1,A8,287.294
,,,plate_2,RFP_3_plate_1,A9,298.491
,,,plate_2,RFP_3_plate_1,A10,3.328
,,,plate_2,RFP_3_plate_1,A11,3.633
,,,plate_2,RFP_3_plate_1,A12,4.273
,,,plate_2,RFP_3_plate_1,B1,15.32
,,,plate_2,RFP_3_plate_1,B2,370.242
,,,plate_2,RFP_3_plate_1,B3,303.913
,,,plate_2,RFP_3_plate_1,B4,267.13
,,,plate_2,RFP_3_plate_1,B5,304.052
,,,plate_2,RFP_3_plate_1,B6,402.934
,,,plate_2,RFP_3_plate_1,B7,453.483
,,,plate_2,RFP_3_plate_1,B8,369.217
,,,plate_2,RFP_3_plate_1,B9,318.658
,,,plate_2,RFP_3_plate_1,B10,3.907
,,,plate_2,RFP_3_plate_1,B11,3.425
,,,plate_2,RFP_3_plate_1,B12,3.827
,,,plate_2,RFP_3_plate_1,C1,15.128
,,,plate_2,RFP_3_plate_1,C2,373.437
,,,plate_2,RFP_3_plate_1,C3,307.561
,,,plate_2,RFP_3_plate_1,C4,248.713
,,,plate_2,RFP_3_plate_1,C5,300.4
,,,plate_2,RFP_3_plate_1,C6,369.594
,,,plate_2,RFP_3_plate_1,C7,408.575
,,,plate_2,RFP_3_plate_1,C8,350.241
,,,plate_2,RFP_3_plate_1,C9,302.832
,,,plate_2,RFP_3_plate_1,C10,3.567
,,,plate_2,RFP_3_plate_1,C11,3.571
,,,plate_2,RFP_3_plate_1,C12,3.294
,,,plate_2,RFP_3_plate_1,D1,21.276
,,,plate_2,RFP_3_plate_1,D2,352.598
,,,plate_2,RFP_3_plate_1,D3,284.114
,,,plate_2,RFP_3_plate_1,D4,244.508
,,,plate_2,RFP_3_plate_1,D5,286.993
,,,plate_2,RFP_3_plate_1,D6,374.663
,,,plate_2,RFP_3_plate_1,D7,405.882
,,,plate_2,RFP_3_plate_1,D8,329.761
,,,plate_2,RFP_3_plate_1,D9,4.111
,,,plate_2,RFP_3_plate_1,D10,3.747
,,,plate_2,RFP_3_plate_1,D11,3.441
,,,plate_2,RFP_3_plate_1,D12,3.541
,,,plate_2,RFP_3_plate_1,E1,13.62
,,,plate_2,RFP_3_plate_1,E2,331.929
,,,plate_2,RFP_3_plate_1,E3,284.125
,,,plate_2,RFP_3_plate_1,E4,292.454
,,,plate_2,RFP_3_plate_1,E5,292.633
,,,plate_2,RFP_3_plate_1,E6,360.406
,,,plate_2,RFP_3_plate_1,E7,412.781
,,,plate_2,RFP_3_plate_1,E8,376.618
,,,plate_2,RFP_3_plate_1,E9,3.871
,,,plate_2,RFP_3_plate_1,E10,4.022
,,,plate_2,RFP_3_plate_1,E11,3.474
,,,plate_2,RFP_3_plate_1,E12,4.013
,,,plate_2,RFP_3_plate_1,F1,14.435
,,,plate_2,RFP_3_plate_1,F2,344.403
,,,plate_2,RFP_3_plate_1,F3,287.114
,,,plate_2,RFP_3_plate_1,F4,246.36
,,,plate_2,RFP_3_plate_1,F5,295.088
,,,plate_2,RFP_3_plate_1,F6,379.041
,,,plate_2,RFP_3_plate_1,F7,425.524
,,,plate_2,RFP_3_plate_1,F8,339.538
,,,plate_2,RFP_3_plate_1,F9,300.284
,,,plate_2,RFP_3_plate_1,F10,3.611
,,,plate_2,RFP_3_plate_1,F11,2.937
,,,plate_2,RFP_3_plate_1,F12,3.935
,,,plate_2,RFP_3_plate_1,G1,17.788
,,,plate_2,RFP_3_plate_1,G2,405.122
,,,plate_2,RFP_3_plate_1,G3,309.537
,,,plate_2,RFP_3_plate_1,G4,258.89
,,,plate_2,RFP_3_plate_1,G5,215.12
,,,plate_2,RFP_3_plate_1,G6,353.974
,,,plate_2,RFP_3_plate_1,G7,423.237
,,,plate_2,RFP_3_plate_1,G8,405.072
,,,plate_2,RFP_3_plate_1,G9,3.611
,,,plate_2,RFP_3_plate_1,G10,3.381
,,,plate_2,RFP_3_plate_1,G11,3.534
,,,plate_2,RFP_3_plate_1,G12,3.874
,,,plate_2,RFP_3_plate_1,H1,18.693
,,,plate_2,RFP_3_plate_1,H2,476.302
,,,plate_2,RFP_3_plate_1,H3,331.72
,,,plate_2,RFP_3_plate_1,H4,290.444
,,,plate_2,RFP_3_plate_1,H5,301.994
,,,plate_2,RFP_3_plate_1,H6,426.292
,,,plate_2,RFP_3_plate_1,H7,478.665
,,,plate_2,RFP_3_plate_1,H8,369.612
,,,plate_2,RFP_3_plate_1,H9,3.924
,,,plate_2,RFP_3_plate_1,H10,3.542
,,,plate_2,RFP_3_plate_1,H11,3.181
,,,plate_2,RFP_3_plate_1,H12,3.745
Bio_1,dil_10^-1,B1,plate_3,RFP_1_plate_1_shaking,A1,18.307
,,,plate_3,RFP_1_plate_1_shaking,A2,372.926
,,,plate_3,RFP_1_plate_1_shaking,A3,430.485
,,,plate_3,RFP_1_plate_1_shaking,A4,358.194
,,,plate_3,RFP_1_plate_1_shaking,A5,466.919
,,,plate_3,RFP_1_plate_1_shaking,A6,477.925
,,,plate_3,RFP_1_plate_1_shaking,A7,422.641
,,,plate_3,RFP_1_plate_1_shaking,A8,274.654
,,,plate_3,RFP_1_plate_1_shaking,A9,3.659
,,,plate_3,RFP_1_plate_1_shaking,A10,4.044
,,,plate_3,RFP_1_plate_1_shaking,A11,3.943
,,,plate_3,RFP_1_plate_1_shaking,A12,3.963
,,,plate_3,RFP_1_plate_1_shaking,B1,13.332
,,,plate_3,RFP_1_plate_1_shaking,B2,327.148
,,,plate_3,RFP_1_plate_1_shaking,B3,400.815
,,,plate_3,RFP_1_plate_1_shaking,B4,335.875
,,,plate_3,RFP_1_plate_1_shaking,B5,429.072
,,,plate_3,RFP_1_plate_1_shaking,B6,452.643
,,,plate_3,RFP_1_plate_1_shaking,B7,354.169
,,,plate_3,RFP_1_plate_1_shaking,B8,332.354
,,,plate_3,RFP_1_plate_1_shaking,B9,3.428
,,,plate_3,RFP_1_plate_1_shaking,B10,4.058
,,,plate_3,RFP_1_plate_1_shaking,B11,3.332
,,,plate_3,RFP_1_plate_1_shaking,B12,3.892
,,,plate_3,RFP_1_plate_1_shaking,C1,14.52
,,,plate_3,RFP_1_plate_1_shaking,C2,295.485
,,,plate_3,RFP_1_plate_1_shaking,C3,403.077
,,,plate_3,RFP_1_plate_1_shaking,C4,315.915
,,,plate_3,RFP_1_plate_1_shaking,C5,416.579
,,,plate_3,RFP_1_plate_1_shaking,C6,436.547
,,,plate_3,RFP_1_plate_1_shaking,C7,384.547
,,,plate_3,RFP_1_plate_1_shaking,C8,338.193
,,,plate_3,RFP_1_plate_1_shaking,C9,3.655
,,,plate_3,RFP_1_plate_1_shaking,C10,3.905
,,,plate_3,RFP_1_plate_1_shaking,C11,3.38
,,,plate_3,RFP_1_plate_1_shaking,C12,4.356
,,,plate_3,RFP_1_plate_1_shaking,D1,13.366
,,,plate_3,RFP_1_plate_1_shaking,D2,379.736
,,,plate_3,RFP_1_plate_1_shaking,D3,380.407
,,,plate_3,RFP_1_plate_1_shaking,D4,309.589
,,,plate_3,RFP_1_plate_1_shaking,D5,426.307
,,,plate_3,RFP_1_plate_1_shaking,D6,430.21
,,,plate_3,RFP_1_plate_1_shaking,D7,351.556
,,,plate_3,RFP_1_plate_1_shaking,D8,317.43
,,,plate_3,RFP_1_plate_1_shaking,D9,4.386
,,,plate_3,RFP_1_plate_1_shaking,D10,3.911
,,,plate_3,RFP_1_plate_1_shaking,D11,3.869
,,,plate_3,RFP_1_plate_1_shaking,D12,4.301
,,,plate_3,RFP_1_plate_1_shaking,E1,14.148
,,,plate_3,RFP_1_plate_1_shaking,E2,442.603
,,,plate_3,RFP_1_plate_1_shaking,E3,369.038
,,,plate_3,RFP_1_plate_1_shaking,E4,312.447
,,,plate_3,RFP_1_plate_1_shaking,E5,417.038
,,,plate_3,RFP_1_plate_1_shaking,E6,424.054
,,,plate_3,RFP_1_plate_1_shaking,E7,365.825
,,,plate_3,RFP_1_plate_1_shaking,E8,315.088
,,,plate_3,RFP_1_plate_1_shaking,E9,3.961
,,,plate_3,RFP_1_plate_1_shaking,E10,3.9
,,,plate_3,RFP_1_plate_1_shaking,E11,3.69
,,,plate_3,RFP_1_plate_1_shaking,E12,4.394
,,,plate_3,RFP_1_plate_1_shaking,F1,20.367
,,,plate_3,RFP_1_plate_1_shaking,F2,330.348
,,,plate_3,RFP_1_plate_1_shaking,F3,392.01
,,,plate_3,RFP_1_plate_1_shaking,F4,319.91
,,,plate_3,RFP_1_plate_1_shaking,F5,420.938
,,,plate_3,RFP_1_plate_1_shaking,F6,432.521
,,,plate_3,RFP_1_plate_1_shaking,F7,372.472
,,,plate_3,RFP_1_plate_1_shaking,F8,4
,,,plate_3,RFP_1_plate_1_shaking,F9,3.888
,,,plate_3,RFP_1_plate_1_shaking,F10,4.388
,,,plate_3,RFP_1_plate_1_shaking,F11,3.485
,,,plate_3,RFP_1_plate_1_shaking,F12,4.892
,,,plate_3,RFP_1_plate_1_shaking,G1,17.516
,,,plate_3,RFP_1_plate_1_shaking,G2,117.41
,,,plate_3,RFP_1_plate_1_shaking,G3,414.097
,,,plate_3,RFP_1_plate_1_shaking,G4,338.629
,,,plate_3,RFP_1_plate_1_shaking,G5,409.14
,,,plate_3,RFP_1_plate_1_shaking,G6,440.172
,,,plate_3,RFP_1_plate_1_shaking,G7,434.682
,,,plate_3,RFP_1_plate_1_shaking,G8,3.813
,,,plate_3,RFP_1_plate_1_shaking,G9,3.318
,,,plate_3,RFP_1_plate_1_shaking,G10,3.789
,,,plate_3,RFP_1_plate_1_shaking,G11,3.565
,,,plate_3,RFP_1_plate_1_shaking,G12,4.166
,,,plate_3,RFP_1_plate_1_shaking,H1,18.552
,,,plate_3,RFP_1_plate_1_shaking,H2,110.305
,,,plate_3,RFP_1_plate_1_shaking,H3,450.701
,,,plate_3,RFP_1_plate_1_shaking,H4,375.726
,,,plate_3,RFP_1_plate_1_shaking,H5,460.327
,,,plate_3,RFP_1_plate_1_shaking,H6,507.414
,,,plate_3,RFP_1_plate_1_shaking,H7,432.302
,,,plate_3,RFP_1_plate_1_shaking,H8,380.912
,,,plate_3,RFP_1_plate_1_shaking,H9,4.059
,,,plate_3,RFP_1_plate_1_shaking,H10,4.434
,,,plate_3,RFP_1_plate_1_shaking,H11,4.179
,,,plate_3,RFP_1_plate_1_shaking,H12,4.17
Bio_1,dil_10^-1,B2,plate_4,RFP_2_plate_1,A1,18.79
,,,plate_4,RFP_2_plate_1,A2,550.5
,,,plate_4,RFP_2_plate_1,A3,386.863
,,,plate_4,RFP_2_plate_1,A4,351.463
,,,plate_4,RFP_2_plate_1,A5,444.795
,,,plate_4,RFP_2_plate_1,A6,439.107
,,,plate_4,RFP_2_plate_1,A7,400.239
,,,plate_4,RFP_2_plate_1,A8,3.998
,,,plate_4,RFP_2_plate_1,A9,3.859
,,,plate_4,RFP_2_plate_1,A10,3.343
,,,plate_4,RFP_2_plate_1,A11,4.032
,,,plate_4,RFP_2_plate_1,A12,3.34
,,,plate_4,RFP_2_plate_1,B1,16.935
,,,plate_4,RFP_2_plate_1,B2,183.167
,,,plate_4,RFP_2_plate_1,B3,331.357
,,,plate_4,RFP_2_plate_1,B4,323.751
,,,plate_4,RFP_2_plate_1,B5,415.192
,,,plate_4,RFP_2_plate_1,B6,427.963
,,,plate_4,RFP_2_plate_1,B7,373.809
,,,plate_4,RFP_2_plate_1,B8,3.995
,,,plate_4,RFP_2_plate_1,B9,3.575
,,,plate_4,RFP_2_plate_1,B10,3.792
,,,plate_4,RFP_2_plate_1,B11,3.33
,,,plate_4,RFP_2_plate_1,B12,3.667
,,,plate_4,RFP_2_plate_1,C1,17.799
,,,plate_4,RFP_2_plate_1,C2,120.019
,,,plate_4,RFP_2_plate_1,C3,338.586
,,,plate_4,RFP_2_plate_1,C4,312.632
,,,plate_4,RFP_2_plate_1,C5,403.416
,,,plate_4,RFP_2_plate_1,C6,409.265
,,,plate_4,RFP_2_plate_1,C7,361.364
,,,plate_4,RFP_2_plate_1,C8,296.203
,,,plate_4,RFP_2_plate_1,C9,3.688
,,,plate_4,RFP_2_plate_1,C10,3.613
,,,plate_4,RFP_2_plate_1,C11,3.237
,,,plate_4,RFP_2_plate_1,C12,3.794
,,,plate_4,RFP_2_plate_1,D1,21.502
,,,plate_4,RFP_2_plate_1,D2,342.329
,,,plate_4,RFP_2_plate_1,D3,340.542
,,,plate_4,RFP_2_plate_1,D4,310.414
,,,plate_4,RFP_2_plate_1,D5,399.587
,,,plate_4,RFP_2_plate_1,D6,404.467
,,,plate_4,RFP_2_plate_1,D7,368.503
,,,plate_4,RFP_2_plate_1,D8,3.733
,,,plate_4,RFP_2_plate_1,D9,3.604
,,,plate_4,RFP_2_plate_1,D10,3.616
,,,plate_4,RFP_2_plate_1,D11,3.555
,,,plate_4,RFP_2_plate_1,D12,3.766
,,,plate_4,RFP_2_plate_1,E1,16.748
,,,plate_4,RFP_2_plate_1,E2,338.424
,,,plate_4,RFP_2_plate_1,E3,337.294
,,,plate_4,RFP_2_plate_1,E4,304.829
,,,plate_4,RFP_2_plate_1,E5,390.787
,,,plate_4,RFP_2_plate_1,E6,399.279
,,,plate_4,RFP_2_plate_1,E7,361.2
,,,plate_4,RFP_2_plate_1,E8,294.888
,,,plate_4,RFP_2_plate_1,E9,4.071
,,,plate_4,RFP_2_plate_1,E10,3.642
,,,plate_4,RFP_2_plate_1,E11,3.67
,,,plate_4,RFP_2_plate_1,E12,4.133
,,,plate_4,RFP_2_plate_1,F1,17.033
,,,plate_4,RFP_2_plate_1,F2,247.78
,,,plate_4,RFP_2_plate_1,F3,350.986
,,,plate_4,RFP_2_plate_1,F4,310.284
,,,plate_4,RFP_2_plate_1,F5,392.268
,,,plate_4,RFP_2_plate_1,F6,405.241
,,,plate_4,RFP_2_plate_1,F7,370.91
,,,plate_4,RFP_2_plate_1,F8,4.1
,,,plate_4,RFP_2_plate_1,F9,3.701
,,,plate_4,RFP_2_plate_1,F10,3.726
,,,plate_4,RFP_2_plate_1,F11,3.706
,,,plate_4,RFP_2_plate_1,F12,3.848
,,,plate_4,RFP_2_plate_1,G1,17.527
,,,plate_4,RFP_2_plate_1,G2,254.694
,,,plate_4,RFP_2_plate_1,G3,358.397
,,,plate_4,RFP_2_plate_1,G4,335.548
,,,plate_4,RFP_2_plate_1,G5,401.437
,,,plate_4,RFP_2_plate_1,G6,413.063
,,,plate_4,RFP_2_plate_1,G7,400.591
,,,plate_4,RFP_2_plate_1,G8,3.551
,,,plate_4,RFP_2_plate_1,G9,3.702
,,,plate_4,RFP_2_plate_1,G10,3.483
,,,plate_4,RFP_2_plate_1,G11,3.387
,,,plate_4,RFP_2_plate_1,G12,3.868
,,,plate_4,RFP_2_plate_1,H1,23.213
,,,plate_4,RFP_2_plate_1,H2,87.529
,,,plate_4,RFP_2_plate_1,H3,482.653
,,,plate_4,RFP_2_plate_1,H4,396.437
,,,plate_4,RFP_2_plate_1,H5,430.821
,,,plate_4,RFP_2_plate_1,H6,430.664
,,,plate_4,RFP_2_plate_1,H7,435.667
,,,plate_4,RFP_2_plate_1,H8,3.545
,,,plate_4,RFP_2_plate_1,H9,380.488
,,,plate_4,RFP_2_plate_1,H10,3.875
,,,plate_4,RFP_2_plate_1,H11,3.365
,,,plate_4,RFP_2_plate_1,H12,3.233
Bio_1,dil_10^-1,B3,plate_5,RFP_3_plate_1,A1,19.901
,,,plate_5,RFP_3_plate_1,A2,222.469
,,,plate_5,RFP_3_plate_1,A3,363.746
,,,plate_5,RFP_3_plate_1,A4,333.996
,,,plate_5,RFP_3_plate_1,A5,372.474
,,,plate_5,RFP_3_plate_1,A6,416.908
,,,plate_5,RFP_3_plate_1,A7,393.045
,,,plate_5,RFP_3_plate_1,A8,3.86
,,,plate_5,RFP_3_plate_1,A9,3.377
,,,plate_5,RFP_3_plate_1,A10,3.503
,,,plate_5,RFP_3_plate_1,A11,3.582
,,,plate_5,RFP_3_plate_1,A12,3.556
,,,plate_5,RFP_3_plate_1,B1,17.313
,,,plate_5,RFP_3_plate_1,B2,336.379
,,,plate_5,RFP_3_plate_1,B3,335.837
,,,plate_5,RFP_3_plate_1,B4,303.906
,,,plate_5,RFP_3_plate_1,B5,378.515
,,,plate_5,RFP_3_plate_1,B6,418.697
,,,plate_5,RFP_3_plate_1,B7,319.675
,,,plate_5,RFP_3_plate_1,B8,311.368
,,,plate_5,RFP_3_plate_1,B9,3.75
,,,plate_5,RFP_3_plate_1,B10,3.863
,,,plate_5,RFP_3_plate_1,B11,3.427
,,,plate_5,RFP_3_plate_1,B12,3.833
,,,plate_5,RFP_3_plate_1,C1,18.182
,,,plate_5,RFP_3_plate_1,C2,314.444
,,,plate_5,RFP_3_plate_1,C3,274.991
,,,plate_5,RFP_3_plate_1,C4,289.996
,,,plate_5,RFP_3_plate_1,C5,356.059
,,,plate_5,RFP_3_plate_1,C6,393.54
,,,plate_5,RFP_3_plate_1,C7,371.546
,,,plate_5,RFP_3_plate_1,C8,3.648
,,,plate_5,RFP_3_plate_1,C9,3.834
,,,plate_5,RFP_3_plate_1,C10,3.658
,,,plate_5,RFP_3_plate_1,C11,3.929
,,,plate_5,RFP_3_plate_1,C12,3.652
,,,plate_5,RFP_3_plate_1,D1,16.294
,,,plate_5,RFP_3_plate_1,D2,410.912
,,,plate_5,RFP_3_plate_1,D3,310.619
,,,plate_5,RFP_3_plate_1,D4,296.142
,,,plate_5,RFP_3_plate_1,D5,365.485
,,,plate_5,RFP_3_plate_1,D6,382.371
,,,plate_5,RFP_3_plate_1,D7,351.574
,,,plate_5,RFP_3_plate_1,D8,289.315
,,,plate_5,RFP_3_plate_1,D9,3.647
,,,plate_5,RFP_3_plate_1,D10,4.238
,,,plate_5,RFP_3_plate_1,D11,3.428
,,,plate_5,RFP_3_plate_1,D12,3.518
,,,plate_5,RFP_3_plate_1,E1,18.158
,,,plate_5,RFP_3_plate_1,E2,308.486
,,,plate_5,RFP_3_plate_1,E3,292.907
,,,plate_5,RFP_3_plate_1,E4,301.337
,,,plate_5,RFP_3_plate_1,E5,356.15
,,,plate_5,RFP_3_plate_1,E6,387.428
,,,plate_5,RFP_3_plate_1,E7,369.98
,,,plate_5,RFP_3_plate_1,E8,3.424
,,,plate_5,RFP_3_plate_1,E9,3.95
,,,plate_5,RFP_3_plate_1,E10,3.69
,,,plate_5,RFP_3_plate_1,E11,3.851
,,,plate_5,RFP_3_plate_1,E12,3.616
,,,plate_5,RFP_3_plate_1,F1,16.08
,,,plate_5,RFP_3_plate_1,F2,395.094
,,,plate_5,RFP_3_plate_1,F3,316.278
,,,plate_5,RFP_3_plate_1,F4,299.81
,,,plate_5,RFP_3_plate_1,F5,383.661
,,,plate_5,RFP_3_plate_1,F6,393.442
,,,plate_5,RFP_3_plate_1,F7,331.252
,,,plate_5,RFP_3_plate_1,F8,289.366
,,,plate_5,RFP_3_plate_1,F9,3.484
,,,plate_5,RFP_3_plate_1,F10,4.143
,,,plate_5,RFP_3_plate_1,F11,3.805
,,,plate_5,RFP_3_plate_1,F12,4.032
,,,plate_5,RFP_3_plate_1,G1,17.933
,,,plate_5,RFP_3_plate_1,G2,300.545
,,,plate_5,RFP_3_plate_1,G3,334.536
,,,plate_5,RFP_3_plate_1,G4,313.736
,,,plate_5,RFP_3_plate_1,G5,377.998
,,,plate_5,RFP_3_plate_1,G6,400.727
,,,plate_5,RFP_3_plate_1,G7,343.437
,,,plate_5,RFP_3_plate_1,G8,4.044
,,,plate_5,RFP_3_plate_1,G9,3.804
,,,plate_5,RFP_3_plate_1,G10,3.92
,,,plate_5,RFP_3_plate_1,G11,3.307
,,,plate_5,RFP_3_plate_1,G12,3.113
,,,plate_5,RFP_3_plate_1,H1,20.272
,,,plate_5,RFP_3_plate_1,H2,225.393
,,,plate_5,RFP_3_plate_1,H3,389.672
,,,plate_5,RFP_3_plate_1,H4,342.399
,,,plate_5,RFP_3_plate_1,H5,416.66
,,,plate_5,RFP_3_plate_1,H6,446.971
,,,plate_5,RFP_3_plate_1,H7,422.524
,,,plate_5,RFP_3_plate_1,H8,377.482
,,,plate_5,RFP_3_plate_1,H9,3.615
,,,plate_5,RFP_3_plate_1,H10,3.455
,,,plate_5,RFP_3_plate_1,H11,3.318
,,,plate_5,RFP_3_plate_1,H12,3.317
Bio_1,dil_10^-2,C1,plate_6,RFP_1_plate_1_shaking,A1,24.588
,,,plate_6,RFP_1_plate_1_shaking,A2,96.112
,,,plate_6,RFP_1_plate_1_shaking,A3,385.444
,,,plate_6,RFP_1_plate_1_shaking,A4,407.462
,,,plate_6,RFP_1_plate_1_shaking,A5,374.996
,,,plate_6,RFP_1_plate_1_shaking,A6,412.398
,,,plate_6,RFP_1_plate_1_shaking,A7,321.044
,,,plate_6,RFP_1_plate_1_shaking,A8,3.821
,,,plate_6,RFP_1_plate_1_shaking,A9,3.497
,,,plate_6,RFP_1_plate_1_shaking,A10,3.789
,,,plate_6,RFP_1_plate_1_shaking,A11,3.543
,,,plate_6,RFP_1_plate_1_shaking,A12,3.641
,,,plate_6,RFP_1_plate_1_shaking,B1,16.769
,,,plate_6,RFP_1_plate_1_shaking,B2,61.356
,,,plate_6,RFP_1_plate_1_shaking,B3,384.185
,,,plate_6,RFP_1_plate_1_shaking,B4,368.552
,,,plate_6,RFP_1_plate_1_shaking,B5,371.119
,,,plate_6,RFP_1_plate_1_shaking,B6,366.043
,,,plate_6,RFP_1_plate_1_shaking,B7,4.024
,,,plate_6,RFP_1_plate_1_shaking,B8,3.649
,,,plate_6,RFP_1_plate_1_shaking,B9,3.417
,,,plate_6,RFP_1_plate_1_shaking,B10,3.494
,,,plate_6,RFP_1_plate_1_shaking,B11,3.557
,,,plate_6,RFP_1_plate_1_shaking,B12,3.706
,,,plate_6,RFP_1_plate_1_shaking,C1,24.061
,,,plate_6,RFP_1_plate_1_shaking,C2,59.851
,,,plate_6,RFP_1_plate_1_shaking,C3,369.621
,,,plate_6,RFP_1_plate_1_shaking,C4,353.828
,,,plate_6,RFP_1_plate_1_shaking,C5,349.232
,,,plate_6,RFP_1_plate_1_shaking,C6,389.493
,,,plate_6,RFP_1_plate_1_shaking,C7,280.857
,,,plate_6,RFP_1_plate_1_shaking,C8,3.534
,,,plate_6,RFP_1_plate_1_shaking,C9,4.023
,,,plate_6,RFP_1_plate_1_shaking,C10,3.608
,,,plate_6,RFP_1_plate_1_shaking,C11,3.28
,,,plate_6,RFP_1_plate_1_shaking,C12,3.947
,,,plate_6,RFP_1_plate_1_shaking,D1,22.999
,,,plate_6,RFP_1_plate_1_shaking,D2,61.098
,,,plate_6,RFP_1_plate_1_shaking,D3,331.163
,,,plate_6,RFP_1_plate_1_shaking,D4,319.389
,,,plate_6,RFP_1_plate_1_shaking,D5,367.859
,,,plate_6,RFP_1_plate_1_shaking,D6,355.97
,,,plate_6,RFP_1_plate_1_shaking,D7,283.121
,,,plate_6,RFP_1_plate_1_shaking,D8,3.964
,,,plate_6,RFP_1_plate_1_shaking,D9,3.691
,,,plate_6,RFP_1_plate_1_shaking,D10,4.186
,,,plate_6,RFP_1_plate_1_shaking,D11,3.128
,,,plate_6,RFP_1_plate_1_shaking,D12,4.258
,,,plate_6,RFP_1_plate_1_shaking,E1,23.415
,,,plate_6,RFP_1_plate_1_shaking,E2,133.002
,,,plate_6,RFP_1_plate_1_shaking,E3,346.277
,,,plate_6,RFP_1_plate_1_shaking,E4,321.523
,,,plate_6,RFP_1_plate_1_shaking,E5,358.318
,,,plate_6,RFP_1_plate_1_shaking,E6,190.074
,,,plate_6,RFP_1_plate_1_shaking,E7,290.028
,,,plate_6,RFP_1_plate_1_shaking,E8,3.504
,,,plate_6,RFP_1_plate_1_shaking,E9,3.959
,,,plate_6,RFP_1_plate_1_shaking,E10,4.207
,,,plate_6,RFP_1_plate_1_shaking,E11,3.426
,,,plate_6,RFP_1_plate_1_shaking,E12,4.017
,,,plate_6,RFP_1_plate_1_shaking,F1,21.354
,,,plate_6,RFP_1_plate_1_shaking,F2,36.956
,,,plate_6,RFP_1_plate_1_shaking,F3,332.37
,,,plate_6,RFP_1_plate_1_shaking,F4,320.833
,,,plate_6,RFP_1_plate_1_shaking,F5,348.308
,,,plate_6,RFP_1_plate_1_shaking,F6,120.172
,,,plate_6,RFP_1_plate_1_shaking,F7,303.172
,,,plate_6,RFP_1_plate_1_shaking,F8,3.69
,,,plate_6,RFP_1_plate_1_shaking,F9,3.807
,,,plate_6,RFP_1_plate_1_shaking,F10,4.307
,,,plate_6,RFP_1_plate_1_shaking,F11,4.229
,,,plate_6,RFP_1_plate_1_shaking,F12,3.799
,,,plate_6,RFP_1_plate_1_shaking,G1,18.223
,,,plate_6,RFP_1_plate_1_shaking,G2,33.73
,,,plate_6,RFP_1_plate_1_shaking,G3,387.141
,,,plate_6,RFP_1_plate_1_shaking,G4,356.468
,,,plate_6,RFP_1_plate_1_shaking,G5,390.997
,,,plate_6,RFP_1_plate_1_shaking,G6,392.255
,,,plate_6,RFP_1_plate_1_shaking,G7,333.929
,,,plate_6,RFP_1_plate_1_shaking,G8,3.72
,,,plate_6,RFP_1_plate_1_shaking,G9,3.797
,,,plate_6,RFP_1_plate_1_shaking,G10,3.636
,,,plate_6,RFP_1_plate_1_shaking,G11,3.27
,,,plate_6,RFP_1_plate_1_shaking,G12,3.504
,,,plate_6,RFP_1_plate_1_shaking,H1,17.109
,,,plate_6,RFP_1_plate_1_shaking,H2,46.384
,,,plate_6,RFP_1_plate_1_shaking,H3,440.871
,,,plate_6,RFP_1_plate_1_shaking,H4,439.38
,,,plate_6,RFP_1_plate_1_shaking,H5,481.027
,,,plate_6,RFP_1_plate_1_shaking,H6,439.919
,,,plate_6,RFP_1_plate_1_shaking,H7,211.634
,,,plate_6,RFP_1_plate_1_shaking,H8,3.038
,,,plate_6,RFP_1_plate_1_shaking,H9,3.835
,,,plate_6,RFP_1_plate_1_shaking,H10,3.632
,,,plate_6,RFP_1_plate_1_shaking,H11,3.709
,,,plate_6,RFP_1_plate_1_shaking,H12,3.572
Bio_1,dil_10^-2,C2,plate_7,RFP_2_plate_1,A1,20.645
,,,plate_7,RFP_2_plate_1,A2,147.997
,,,plate_7,RFP_2_plate_1,A3,149.241
,,,plate_7,RFP_2_plate_1,A4,366.239
,,,plate_7,RFP_2_plate_1,A5,410.804
,,,plate_7,RFP_2_plate_1,A6,418.463
,,,plate_7,RFP_2_plate_1,A7,311.094
,,,plate_7,RFP_2_plate_1,A8,3.583
,,,plate_7,RFP_2_plate_1,A9,2.977
,,,plate_7,RFP_2_plate_1,A10,3.906
,,,plate_7,RFP_2_plate_1,A11,3.683
,,,plate_7,RFP_2_plate_1,A12,3.365
,,,plate_7,RFP_2_plate_1,B1,20.339
,,,plate_7,RFP_2_plate_1,B2,99.732
,,,plate_7,RFP_2_plate_1,B3,221.125
,,,plate_7,RFP_2_plate_1,B4,317.671
,,,plate_7,RFP_2_plate_1,B5,323.508
,,,plate_7,RFP_2_plate_1,B6,375.725
,,,plate_7,RFP_2_plate_1,B7,305.493
,,,plate_7,RFP_2_plate_1,B8,3.769
,,,plate_7,RFP_2_plate_1,B9,3.462
,,,plate_7,RFP_2_plate_1,B10,3.857
,,,plate_7,RFP_2_plate_1,B11,3.326
,,,plate_7,RFP_2_plate_1,B12,3.798
,,,plate_7,RFP_2_plate_1,C1,16.145
,,,plate_7,RFP_2_plate_1,C2,89.907
,,,plate_7,RFP_2_plate_1,C3,121.615
,,,plate_7,RFP_2_plate_1,C4,298.724
,,,plate_7,RFP_2_plate_1,C5,371.157
,,,plate_7,RFP_2_plate_1,C6,393.913
,,,plate_7,RFP_2_plate_1,C7,318.985
,,,plate_7,RFP_2_plate_1,C8,3.435
,,,plate_7,RFP_2_plate_1,C9,3.675
,,,plate_7,RFP_2_plate_1,C10,3.784
,,,plate_7,RFP_2_plate_1,C11,3.213
,,,plate_7,RFP_2_plate_1,C12,4.352
,,,plate_7,RFP_2_plate_1,D1,17.803
,,,plate_7,RFP_2_plate_1,D2,96.151
,,,plate_7,RFP_2_plate_1,D3,142.743
,,,plate_7,RFP_2_plate_1,D4,302.203
,,,plate_7,RFP_2_plate_1,D5,370.057
,,,plate_7,RFP_2_plate_1,D6,352.726
,,,plate_7,RFP_2_plate_1,D7,177.507
,,,plate_7,RFP_2_plate_1,D8,3.23
,,,plate_7,RFP_2_plate_1,D9,3.665
,,,plate_7,RFP_2_plate_1,D10,3.101
,,,plate_7,RFP_2_plate_1,D11,3.944
,,,plate_7,RFP_2_plate_1,D12,3.946
,,,plate_7,RFP_2_plate_1,E1,20.412
,,,plate_7,RFP_2_plate_1,E2,59.71
,,,plate_7,RFP_2_plate_1,E3,101.728
,,,plate_7,RFP_2_plate_1,E4,323.12
,,,plate_7,RFP_2_plate_1,E5,327.139
,,,plate_7,RFP_2_plate_1,E6,382.095
,,,plate_7,RFP_2_plate_1,E7,327.186
,,,plate_7,RFP_2_plate_1,E8,3.712
,,,plate_7,RFP_2_plate_1,E9,3.52
,,,plate_7,RFP_2_plate_1,E10,3.703
,,,plate_7,RFP_2_plate_1,E11,3.745
,,,plate_7,RFP_2_plate_1,E12,3.991
,,,plate_7,RFP_2_plate_1,F1,17.011
,,,plate_7,RFP_2_plate_1,F2,155.707
,,,plate_7,RFP_2_plate_1,F3,93.033
,,,plate_7,RFP_2_plate_1,F4,29.284
,,,plate_7,RFP_2_plate_1,F5,363.024
,,,plate_7,RFP_2_plate_1,F6,376.115
,,,plate_7,RFP_2_plate_1,F7,307.086
,,,plate_7,RFP_2_plate_1,F8,3.434
,,,plate_7,RFP_2_plate_1,F9,3.616
,,,plate_7,RFP_2_plate_1,F10,3.97
,,,plate_7,RFP_2_plate_1,F11,3.44
,,,plate_7,RFP_2_plate_1,F12,3.884
,,,plate_7,RFP_2_plate_1,G1,21.089
,,,plate_7,RFP_2_plate_1,G2,104.049
,,,plate_7,RFP_2_plate_1,G3,90.852
,,,plate_7,RFP_2_plate_1,G4,326.887
,,,plate_7,RFP_2_plate_1,G5,369.697
,,,plate_7,RFP_2_plate_1,G6,392.103
,,,plate_7,RFP_2_plate_1,G7,308.988
,,,plate_7,RFP_2_plate_1,G8,3.728
,,,plate_7,RFP_2_plate_1,G9,3.649
,,,plate_7,RFP_2_plate_1,G10,3.684
,,,plate_7,RFP_2_plate_1,G11,4.002
,,,plate_7,RFP_2_plate_1,G12,3.194
,,,plate_7,RFP_2_plate_1,H1,19.279
,,,plate_7,RFP_2_plate_1,H2,49.814
,,,plate_7,RFP_2_plate_1,H3,129.273
,,,plate_7,RFP_2_plate_1,H4,94.985
,,,plate_7,RFP_2_plate_1,H5,398.42
,,,plate_7,RFP_2_plate_1,H6,438.55
,,,plate_7,RFP_2_plate_1,H7,379.827
,,,plate_7,RFP_2_plate_1,H8,313.943
,,,plate_7,RFP_2_plate_1,H9,4.028
,,,plate_7,RFP_2_plate_1,H10,3.579
,,,plate_7,RFP_2_plate_1,H11,3.295
,,,plate_7,RFP_2_plate_1,H12,3.061
Bio_1,dil_10^-2,C3,plate_8,RFP_3_plate_1,A1,19.34
,,,plate_8,RFP_3_plate_1,A2,101.096
,,,plate_8,RFP_3_plate_1,A3,409.092
,,,plate_8,RFP_3_plate_1,A4,353.781
,,,plate_8,RFP_3_plate_1,A5,435.353
,,,plate_8,RFP_3_plate_1,A6,469.117
,,,plate_8,RFP_3_plate_1,A7,397.598
,,,plate_8,RFP_3_plate_1,A8,3.314
,,,plate_8,RFP_3_plate_1,A9,3.672
,,,plate_8,RFP_3_plate_1,A10,3.865
,,,plate_8,RFP_3_plate_1,A11,4.118
,,,plate_8,RFP_3_plate_1,A12,3.517
,,,plate_8,RFP_3_plate_1,B1,23.284
,,,plate_8,RFP_3_plate_1,B2,84.616
,,,plate_8,RFP_3_plate_1,B3,325.403
,,,plate_8,RFP_3_plate_1,B4,326.724
,,,plate_8,RFP_3_plate_1,B5,384.334
,,,plate_8,RFP_3_plate_1,B6,432.065
,,,plate_8,RFP_3_plate_1,B7,347.85
,,,plate_8,RFP_3_plate_1,B8,3.625
,,,plate_8,RFP_3_plate_1,B9,3.729
,,,plate_8,RFP_3_plate_1,B10,3.877
,,,plate_8,RFP_3_plate_1,B11,4.008
,,,plate_8,RFP_3_plate_1,B12,3.695
,,,plate_8,RFP_3_plate_1,C1,24.329
,,,plate_8,RFP_3_plate_1,C2,105.084
,,,plate_8,RFP_3_plate_1,C3,301.093
,,,plate_8,RFP_3_plate_1,C4,218.427
,,,plate_8,RFP_3_plate_1,C5,385.121
,,,plate_8,RFP_3_plate_1,C6,422.169
,,,plate_8,RFP_3_plate_1,C7,3.785
,,,plate_8,RFP_3_plate_1,C8,4.024
,,,plate_8,RFP_3_plate_1,C9,267.892
,,,plate_8,RFP_3_plate_1,C10,3.717
,,,plate_8,RFP_3_plate_1,C11,3.629
,,,plate_8,RFP_3_plate_1,C12,4.15
,,,plate_8,RFP_3_plate_1,D1,24.285
,,,plate_8,RFP_3_plate_1,D2,61.606
,,,plate_8,RFP_3_plate_1,D3,305.36
,,,plate_8,RFP_3_plate_1,D4,321.552
,,,plate_8,RFP_3_plate_1,D5,383.931
,,,plate_8,RFP_3_plate_1,D6,428.682
,,,plate_8,RFP_3_plate_1,D7,333.986
,,,plate_8,RFP_3_plate_1,D8,3.952
,,,plate_8,RFP_3_plate_1,D9,4.21
,,,plate_8,RFP_3_plate_1,D10,3.383
,,,plate_8,RFP_3_plate_1,D11,4.15
,,,plate_8,RFP_3_plate_1,D12,4.286
,,,plate_8,RFP_3_plate_1,E1,22.934
,,,plate_8,RFP_3_plate_1,E2,120.256
,,,plate_8,RFP_3_plate_1,E3,233.419
,,,plate_8,RFP_3_plate_1,E4,312.602
,,,plate_8,RFP_3_plate_1,E5,385.647
,,,plate_8,RFP_3_plate_1,E6,420.217
,,,plate_8,RFP_3_plate_1,E7,3.5
,,,plate_8,RFP_3_plate_1,E8,3.603
,,,plate_8,RFP_3_plate_1,E9,3.791
,,,plate_8,RFP_3_plate_1,E10,4.074
,,,plate_8,RFP_3_plate_1,E11,3.359
,,,plate_8,RFP_3_plate_1,E12,4.13
,,,plate_8,RFP_3_plate_1,F1,24.026
,,,plate_8,RFP_3_plate_1,F2,109.59
,,,plate_8,RFP_3_plate_1,F3,301.925
,,,plate_8,RFP_3_plate_1,F4,321.12
,,,plate_8,RFP_3_plate_1,F5,399.588
,,,plate_8,RFP_3_plate_1,F6,426.443
,,,plate_8,RFP_3_plate_1,F7,336.656
,,,plate_8,RFP_3_plate_1,F8,3.774
,,,plate_8,RFP_3_plate_1,F9,3.362
,,,plate_8,RFP_3_plate_1,F10,3.365
,,,plate_8,RFP_3_plate_1,F11,3.99
,,,plate_8,RFP_3_plate_1,F12,3.639
,,,plate_8,RFP_3_plate_1,G1,22.802
,,,plate_8,RFP_3_plate_1,G2,82.078
,,,plate_8,RFP_3_plate_1,G3,320.497
,,,plate_8,RFP_3_plate_1,G4,345.35
,,,plate_8,RFP_3_plate_1,G5,397.986
,,,plate_8,RFP_3_plate_1,G6,438.052
,,,plate_8,RFP_3_plate_1,G7,377.429
,,,plate_8,RFP_3_plate_1,G8,369.525
,,,plate_8,RFP_3_plate_1,G9,4.103
,,,plate_8,RFP_3_plate_1,G10,3.631
,,,plate_8,RFP_3_plate_1,G11,3.84
,,,plate_8,RFP_3_plate_1,G12,4.657
,,,plate_8,RFP_3_plate_1,H1,17.343
,,,plate_8,RFP_3_plate_1,H2,72.02
,,,plate_8,RFP_3_plate_1,H3,392.739
,,,plate_8,RFP_3_plate_1,H4,337.033
,,,plate_8,RFP_3_plate_1,H5,417.149
,,,plate_8,RFP_3_plate_1,H6,474.858
,,,plate_8,RFP_3_plate_1,H7,330.73
,,,plate_8,RFP_3_plate_1,H8,362.603
,,,plate_8,RFP_3_plate_1,H9,3.545
,,,plate_8,RFP_3_plate_1,H10,3.397
,,,plate_8,RFP_3_plate_1,H11,3.558
,,,plate_8,RFP_3_plate_1,H12,3.966
Bio_1,dil_10^-3,D1,plate_9,RFP_1_plate_1_shaking,A1,18.111
,,,plate_9,RFP_1_plate_1_shaking,A2,158.745
,,,plate_9,RFP_1_plate_1_shaking,A3,49.461
,,,plate_9,RFP_1_plate_1_shaking,A4,303.052
,,,plate_9,RFP_1_plate_1_shaking,A5,228.185
,,,plate_9,RFP_1_plate_1_shaking,A6,386.085
,,,plate_9,RFP_1_plate_1_shaking,A7,3.983
,,,plate_9,RFP_1_plate_1_shaking,A8,3.468
,,,plate_9,RFP_1_plate_1_shaking,A9,3.492
,,,plate_9,RFP_1_plate_1_shaking,A10,3.723
,,,plate_9,RFP_1_plate_1_shaking,A11,3.69
,,,plate_9,RFP_1_plate_1_shaking,A12,4.427
,,,plate_9,RFP_1_plate_1_shaking,B1,18.44
,,,plate_9,RFP_1_plate_1_shaking,B2,44.056
,,,plate_9,RFP_1_plate_1_shaking,B3,52.883
,,,plate_9,RFP_1_plate_1_shaking,B4,271.356
,,,plate_9,RFP_1_plate_1_shaking,B5,351.06
,,,plate_9,RFP_1_plate_1_shaking,B6,298.509
,,,plate_9,RFP_1_plate_1_shaking,B7,3.86
,,,plate_9,RFP_1_plate_1_shaking,B8,3.994
,,,plate_9,RFP_1_plate_1_shaking,B9,4.275
,,,plate_9,RFP_1_plate_1_shaking,B10,3.761
,,,plate_9,RFP_1_plate_1_shaking,B11,3.798
,,,plate_9,RFP_1_plate_1_shaking,B12,4.435
,,,plate_9,RFP_1_plate_1_shaking,C1,13.915
,,,plate_9,RFP_1_plate_1_shaking,C2,148.704
,,,plate_9,RFP_1_plate_1_shaking,C3,221.819
,,,plate_9,RFP_1_plate_1_shaking,C4,312.901
,,,plate_9,RFP_1_plate_1_shaking,C5,347.397
,,,plate_9,RFP_1_plate_1_shaking,C6,20.03
,,,plate_9,RFP_1_plate_1_shaking,C7,4.096
,,,plate_9,RFP_1_plate_1_shaking,C8,3.728
,,,plate_9,RFP_1_plate_1_shaking,C9,4.675
,,,plate_9,RFP_1_plate_1_shaking,C10,3.605
,,,plate_9,RFP_1_plate_1_shaking,C11,4.164
,,,plate_9,RFP_1_plate_1_shaking,C12,4.352
,,,plate_9,RFP_1_plate_1_shaking,D1,13.844
,,,plate_9,RFP_1_plate_1_shaking,D2,44.617
,,,plate_9,RFP_1_plate_1_shaking,D3,231.545
,,,plate_9,RFP_1_plate_1_shaking,D4,323.089
,,,plate_9,RFP_1_plate_1_shaking,D5,194.064
,,,plate_9,RFP_1_plate_1_shaking,D6,308.781
,,,plate_9,RFP_1_plate_1_shaking,D7,4.415
,,,plate_9,RFP_1_plate_1_shaking,D8,3.891
,,,plate_9,RFP_1_plate_1_shaking,D9,4.417
,,,plate_9,RFP_1_plate_1_shaking,D10,4.158
,,,plate_9,RFP_1_plate_1_shaking,D11,3.439
,,,plate_9,RFP_1_plate_1_shaking,D12,4.292
,,,plate_9,RFP_1_plate_1_shaking,E1,14.805
,,,plate_9,RFP_1_plate_1_shaking,E2,99.757
,,,plate_9,RFP_1_plate_1_shaking,E3,211.844
,,,plate_9,RFP_1_plate_1_shaking,E4,341.392
,,,plate_9,RFP_1_plate_1_shaking,E5,326.16
,,,plate_9,RFP_1_plate_1_shaking,E6,351.276
,,,plate_9,RFP_1_plate_1_shaking,E7,4.152
,,,plate_9,RFP_1_plate_1_shaking,E8,3.25
,,,plate_9,RFP_1_plate_1_shaking,E9,3.915
,,,plate_9,RFP_1_plate_1_shaking,E10,4.09
,,,plate_9,RFP_1_plate_1_shaking,E11,4.243
,,,plate_9,RFP_1_plate_1_shaking,E12,4.037
,,,plate_9,RFP_1_plate_1_shaking,F1,17.019
,,,plate_9,RFP_1_plate_1_shaking,F2,93.608
,,,plate_9,RFP_1_plate_1_shaking,F3,204.413
,,,plate_9,RFP_1_plate_1_shaking,F4,339.018
,,,plate_9,RFP_1_plate_1_shaking,F5,223.287
,,,plate_9,RFP_1_plate_1_shaking,F6,337.225
,,,plate_9,RFP_1_plate_1_shaking,F7,3.843
,,,plate_9,RFP_1_plate_1_shaking,F8,4.127
,,,plate_9,RFP_1_plate_1_shaking,F9,4.851
,,,plate_9,RFP_1_plate_1_shaking,F10,4.769
,,,plate_9,RFP_1_plate_1_shaking,F11,3.92
,,,plate_9,RFP_1_plate_1_shaking,F12,3.802
,,,plate_9,RFP_1_plate_1_shaking,G1,24.279
,,,plate_9,RFP_1_plate_1_shaking,G2,80.375
,,,plate_9,RFP_1_plate_1_shaking,G3,38.316
,,,plate_9,RFP_1_plate_1_shaking,G4,282.089
,,,plate_9,RFP_1_plate_1_shaking,G5,410.632
,,,plate_9,RFP_1_plate_1_shaking,G6,4.448
,,,plate_9,RFP_1_plate_1_shaking,G7,4.895
,,,plate_9,RFP_1_plate_1_shaking,G8,4.157
,,,plate_9,RFP_1_plate_1_shaking,G9,3.979
,,,plate_9,RFP_1_plate_1_shaking,G10,4.634
,,,plate_9,RFP_1_plate_1_shaking,G11,3.973
,,,plate_9,RFP_1_plate_1_shaking,G12,4.497
,,,plate_9,RFP_1_plate_1_shaking,H1,19.026
,,,plate_9,RFP_1_plate_1_shaking,H2,19.58
,,,plate_9,RFP_1_plate_1_shaking,H3,193.721
,,,plate_9,RFP_1_plate_1_shaking,H4,302.431
,,,plate_9,RFP_1_plate_1_shaking,H5,389.96
,,,plate_9,RFP_1_plate_1_shaking,H6,383.303
,,,plate_9,RFP_1_plate_1_shaking,H7,4.649
,,,plate_9,RFP_1_plate_1_shaking,H8,3.837
,,,plate_9,RFP_1_plate_1_shaking,H9,3.881
,,,plate_9,RFP_1_plate_1_shaking,H10,3.805
,,,plate_9,RFP_1_plate_1_shaking,H11,4.085
,,,plate_9,RFP_1_plate_1_shaking,H12,4.566
Bio_1,dil_10^-3,D2,plate_10,RFP_2_plate_1,A1,20.177
,,,plate_10,RFP_2_plate_1,A2,59.616
,,,plate_10,RFP_2_plate_1,A3,339.267
,,,plate_10,RFP_2_plate_1,A4,262.13
,,,plate_10,RFP_2_plate_1,A5,385.032
,,,plate_10,RFP_2_plate_1,A6,2.949
,,,plate_10,RFP_2_plate_1,A7,4.006
,,,plate_10,RFP_2_plate_1,A8,3.575
,,,plate_10,RFP_2_plate_1,A9,3.586
,,,plate_10,RFP_2_plate_1,A10,4.061
,,,plate_10,RFP_2_plate_1,A11,4.559
,,,plate_10,RFP_2_plate_1,A12,3.606
,,,plate_10,RFP_2_plate_1,B1,20.654
,,,plate_10,RFP_2_plate_1,B2,62.183
,,,plate_10,RFP_2_plate_1,B3,68.122
,,,plate_10,RFP_2_plate_1,B4,7.472
,,,plate_10,RFP_2_plate_1,B5,414.093
,,,plate_10,RFP_2_plate_1,B6,204.789
,,,plate_10,RFP_2_plate_1,B7,3.327
,,,plate_10,RFP_2_plate_1,B8,3.448
,,,plate_10,RFP_2_plate_1,B9,3.287
,,,plate_10,RFP_2_plate_1,B10,3.712
,,,plate_10,RFP_2_plate_1,B11,3.518
,,,plate_10,RFP_2_plate_1,B12,3.757
,,,plate_10,RFP_2_plate_1,C1,20.541
,,,plate_10,RFP_2_plate_1,C2,33.891
,,,plate_10,RFP_2_plate_1,C3,53.725
,,,plate_10,RFP_2_plate_1,C4,268.136
,,,plate_10,RFP_2_plate_1,C5,192.214
,,,plate_10,RFP_2_plate_1,C6,317.807
,,,plate_10,RFP_2_plate_1,C7,3.284
,,,plate_10,RFP_2_plate_1,C8,5.008
,,,plate_10,RFP_2_plate_1,C9,3.882
,,,plate_10,RFP_2_plate_1,C10,3.597
,,,plate_10,RFP_2_plate_1,C11,3.519
,,,plate_10,RFP_2_plate_1,C12,3.813
,,,plate_10,RFP_2_plate_1,D1,18.208
,,,plate_10,RFP_2_plate_1,D2,41.013
,,,plate_10,RFP_2_plate_1,D3,299.594
,,,plate_10,RFP_2_plate_1,D4,304.248
,,,plate_10,RFP_2_plate_1,D5,295.382
,,,plate_10,RFP_2_plate_1,D6,255.265
,,,plate_10,RFP_2_plate_1,D7,295.314
,,,plate_10,RFP_2_plate_1,D8,3.643
,,,plate_10,RFP_2_plate_1,D9,3.984
,,,plate_10,RFP_2_plate_1,D10,3.223
,,,plate_10,RFP_2_plate_1,D11,3.485
,,,plate_10,RFP_2_plate_1,D12,3.488
,,,plate_10,RFP_2_plate_1,E1,18.792
,,,plate_10,RFP_2_plate_1,E2,58.582
,,,plate_10,RFP_2_plate_1,E3,326.12
,,,plate_10,RFP_2_plate_1,E4,254.636
,,,plate_10,RFP_2_plate_1,E5,168.693
,,,plate_10,RFP_2_plate_1,E6,4.056
,,,plate_10,RFP_2_plate_1,E7,3.491
,,,plate_10,RFP_2_plate_1,E8,4.068
,,,plate_10,RFP_2_plate_1,E9,3.939
,,,plate_10,RFP_2_plate_1,E10,3.926
,,,plate_10,RFP_2_plate_1,E11,3.882
,,,plate_10,RFP_2_plate_1,E12,3.346
,,,plate_10,RFP_2_plate_1,F1,20.648
,,,plate_10,RFP_2_plate_1,F2,26.617
,,,plate_10,RFP_2_plate_1,F3,319.941
,,,plate_10,RFP_2_plate_1,F4,274.591
,,,plate_10,RFP_2_plate_1,F5,381.133
,,,plate_10,RFP_2_plate_1,F6,309.224
,,,plate_10,RFP_2_plate_1,F7,4.126
,,,plate_10,RFP_2_plate_1,F8,3.206
,,,plate_10,RFP_2_plate_1,F9,4.009
,,,plate_10,RFP_2_plate_1,F10,3.568
,,,plate_10,RFP_2_plate_1,F11,3.841
,,,plate_10,RFP_2_plate_1,F12,3.625
,,,plate_10,RFP_2_plate_1,G1,21.013
,,,plate_10,RFP_2_plate_1,G2,28.764
,,,plate_10,RFP_2_plate_1,G3,46.105
,,,plate_10,RFP_2_plate_1,G4,362.878
,,,plate_10,RFP_2_plate_1,G5,411.608
,,,plate_10,RFP_2_plate_1,G6,381.649
,,,plate_10,RFP_2_plate_1,G7,323.408
,,,plate_10,RFP_2_plate_1,G8,3.746
,,,plate_10,RFP_2_plate_1,G9,3.862
,,,plate_10,RFP_2_plate_1,G10,3.929
,,,plate_10,RFP_2_plate_1,G11,3.382
,,,plate_10,RFP_2_plate_1,G12,3.266
,,,plate_10,RFP_2_plate_1,H1,18.325
,,,plate_10,RFP_2_plate_1,H2,45.791
,,,plate_10,RFP_2_plate_1,H3,359.167
,,,plate_10,RFP_2_plate_1,H4,307.896
,,,plate_10,RFP_2_plate_1,H5,455.18
,,,plate_10,RFP_2_plate_1,H6,309.905
,,,plate_10,RFP_2_plate_1,H7,3.291
,,,plate_10,RFP_2_plate_1,H8,3.917
,,,plate_10,RFP_2_plate_1,H9,4.105
,,,plate_10,RFP_2_plate_1,H10,4.111
,,,plate_10,RFP_2_plate_1,H11,3.449
,,,plate_10,RFP_2_plate_1,H12,3.245
Bio_1,dil_10^-3,D3,plate_11,RFP_3_plate_1,A1,22.325
,,,plate_11,RFP_3_plate_1,A2,98.124
,,,plate_11,RFP_3_plate_1,A3,108.972
,,,plate_11,RFP_3_plate_1,A4,35.233
,,,plate_11,RFP_3_plate_1,A5,425.748
,,,plate_11,RFP_3_plate_1,A6,376.203
,,,plate_11,RFP_3_plate_1,A7,3.538
,,,plate_11,RFP_3_plate_1,A8,4.043
,,,plate_11,RFP_3_plate_1,A9,4.051
,,,plate_11,RFP_3_plate_1,A10,4.064
,,,plate_11,RFP_3_plate_1,A11,3.939
,,,plate_11,RFP_3_plate_1,A12,3.722
,,,plate_11,RFP_3_plate_1,B1,22.224
,,,plate_11,RFP_3_plate_1,B2,209.344
,,,plate_11,RFP_3_plate_1,B3,135.852
,,,plate_11,RFP_3_plate_1,B4,385.167
,,,plate_11,RFP_3_plate_1,B5,456.214
,,,plate_11,RFP_3_plate_1,B6,418.705
,,,plate_11,RFP_3_plate_1,B7,3.175
,,,plate_11,RFP_3_plate_1,B8,4.42
,,,plate_11,RFP_3_plate_1,B9,4.421
,,,plate_11,RFP_3_plate_1,B10,4.167
,,,plate_11,RFP_3_plate_1,B11,4.351
,,,plate_11,RFP_3_plate_1,B12,4.066
,,,plate_11,RFP_3_plate_1,C1,17.704
,,,plate_11,RFP_3_plate_1,C2,141.908
,,,plate_11,RFP_3_plate_1,C3,40.194
,,,plate_11,RFP_3_plate_1,C4,55.542
,,,plate_11,RFP_3_plate_1,C5,316.603
,,,plate_11,RFP_3_plate_1,C6,403.976
,,,plate_11,RFP_3_plate_1,C7,351.937
,,,plate_11,RFP_3_plate_1,C8,4.585
,,,plate_11,RFP_3_plate_1,C9,4.193
,,,plate_11,RFP_3_plate_1,C10,4.125
,,,plate_11,RFP_3_plate_1,C11,4.37
,,,plate_11,RFP_3_plate_1,C12,4.209
,,,plate_11,RFP_3_plate_1,D1,19.853
,,,plate_11,RFP_3_plate_1,D2,148.899
,,,plate_11,RFP_3_plate_1,D3,342.676
,,,plate_11,RFP_3_plate_1,D4,328.906
,,,plate_11,RFP_3_plate_1,D5,295.715
,,,plate_11,RFP_3_plate_1,D6,426.043
,,,plate_11,RFP_3_plate_1,D7,4.275
,,,plate_11,RFP_3_plate_1,D8,4.366
,,,plate_11,RFP_3_plate_1,D9,4.32
,,,plate_11,RFP_3_plate_1,D10,4.052
,,,plate_11,RFP_3_plate_1,D11,4.077
,,,plate_11,RFP_3_plate_1,D12,3.848
,,,plate_11,RFP_3_plate_1,E1,17.319
,,,plate_11,RFP_3_plate_1,E2,155.167
,,,plate_11,RFP_3_plate_1,E3,259.526
,,,plate_11,RFP_3_plate_1,E4,311.092
,,,plate_11,RFP_3_plate_1,E5,356.711
,,,plate_11,RFP_3_plate_1,E6,362.794
,,,plate_11,RFP_3_plate_1,E7,311.328
,,,plate_11,RFP_3_plate_1,E8,3.947
,,,plate_11,RFP_3_plate_1,E9,4.439
,,,plate_11,RFP_3_plate_1,E10,4.676
,,,plate_11,RFP_3_plate_1,E11,3.92
,,,plate_11,RFP_3_plate_1,E12,4.535
,,,plate_11,RFP_3_plate_1,F1,16.239
,,,plate_11,RFP_3_plate_1,F2,172.726
,,,plate_11,RFP_3_plate_1,F3,215.524
,,,plate_11,RFP_3_plate_1,F4,292.858
,,,plate_11,RFP_3_plate_1,F5,329.532
,,,plate_11,RFP_3_plate_1,F6,389.141
,,,plate_11,RFP_3_plate_1,F7,4.391
,,,plate_11,RFP_3_plate_1,F8,4.576
,,,plate_11,RFP_3_plate_1,F9,4.244
,,,plate_11,RFP_3_plate_1,F10,4.348
,,,plate_11,RFP_3_plate_1,F11,3.801
,,,plate_11,RFP_3_plate_1,F12,4.157
,,,plate_11,RFP_3_plate_1,G1,20.231
,,,plate_11,RFP_3_plate_1,G2,179.074
,,,plate_11,RFP_3_plate_1,G3,145.793
,,,plate_11,RFP_3_plate_1,G4,94.372
,,,plate_11,RFP_3_plate_1,G5,271.466
,,,plate_11,RFP_3_plate_1,G6,357.816
,,,plate_11,RFP_3_plate_1,G7,357.95
,,,plate_11,RFP_3_plate_1,G8,3.875
,,,plate_11,RFP_3_plate_1,G9,4.611
,,,plate_11,RFP_3_plate_1,G10,4.612
,,,plate_11,RFP_3_plate_1,G11,4.217
,,,plate_11,RFP_3_plate_1,G12,4.17
,,,plate_11,RFP_3_plate_1,H1,20.629
,,,plate_11,RFP_3_plate_1,H2,136.042
,,,plate_11,RFP_3_plate_1,H3,59.804
,,,plate_11,RFP_3_plate_1,H4,334.79
,,,plate_11,RFP_3_plate_1,H5,429.26
,,,plate_11,RFP_3_plate_1,H6,371.573
,,,plate_11,RFP_3_plate_1,H7,313.004
,,,plate_11,RFP_3_plate_1,H8,3.597
,,,plate_11,RFP_3_plate_1,H9,3.93
,,,plate_11,RFP_3_plate_1,H10,3.571
,,,plate_11,RFP_3_plate_1,H11,3.042
,,,plate_11,RFP_3_plate_1,H12,3.254
