community,soil_well_location,plate_unique,plate_id,plate_well,rfu
C4,A1,plate_0,RFP_1_plate_1,A1,37.33
,,plate_0,RFP_1_plate_1,A2,43.73
,,plate_0,RFP_1_plate_1,A3,8.943
,,plate_0,RFP_1_plate_1,A4,483.162
,,plate_0,RFP_1_plate_1,A5,272.522
,,plate_0,RFP_1_plate_1,A6,203.421
,,plate_0,RFP_1_plate_1,A7,273.183
,,plate_0,RFP_1_plate_1,A8,328.634
,,plate_0,RFP_1_plate_1,A9,3.163
,,plate_0,RFP_1_plate_1,A10,3.052
,,plate_0,RFP_1_plate_1,A11,3.496
,,plate_0,RFP_1_plate_1,A12,3.6
,,plate_0,RFP_1_plate_1,B1,35.468
,,plate_0,RFP_1_plate_1,B2,40.634
,,plate_0,RFP_1_plate_1,B3,7.65
,,plate_0,RFP_1_plate_1,B4,468.54
,,plate_0,RFP_1_plate_1,B5,251.642
,,plate_0,RFP_1_plate_1,B6,166.155
,,plate_0,RFP_1_plate_1,B7,169.531
,,plate_0,RFP_1_plate_1,B8,82.535
,,plate_0,RFP_1_plate_1,B9,146.951
,,plate_0,RFP_1_plate_1,B10,4.023
,,plate_0,RFP_1_plate_1,B11,2.996
,,plate_0,RFP_1_plate_1,B12,3.833
,,plate_0,RFP_1_plate_1,C1,32.387
,,plate_0,RFP_1_plate_1,C2,40.272
,,plate_0,RFP_1_plate_1,C3,11.028
,,plate_0,RFP_1_plate_1,C4,415.989
,,plate_0,RFP_1_plate_1,C5,208.865
,,plate_0,RFP_1_plate_1,C6,172.33
,,plate_0,RFP_1_plate_1,C7,194.742
,,plate_0,RFP_1_plate_1,C8,228.048
,,plate_0,RFP_1_plate_1,C9,3.272
,,plate_0,RFP_1_plate_1,C10,3.386
,,plate_0,RFP_1_plate_1,C11,2.992
,,plate_0,RFP_1_plate_1,C12,3.511
,,plate_0,RFP_1_plate_1,D1,37.572
,,plate_0,RFP_1_plate_1,D2,40.802
,,plate_0,RFP_1_plate_1,D3,8.62
,,plate_0,RFP_1_plate_1,D4,389.801
,,plate_0,RFP_1_plate_1,D5,205.838
,,plate_0,RFP_1_plate_1,D6,177.33
,,plate_0,RFP_1_plate_1,D7,145.002
,,plate_0,RFP_1_plate_1,D8,39.434
,,plate_0,RFP_1_plate_1,D9,160.59
,,plate_0,RFP_1_plate_1,D10,3.434
,,plate_0,RFP_1_plate_1,D11,3.259
,,plate_0,RFP_1_plate_1,D12,3.663
,,plate_0,RFP_1_plate_1,E1,39.337
,,plate_0,RFP_1_plate_1,E2,44.712
,,plate_0,RFP_1_plate_1,E3,7.745
,,plate_0,RFP_1_plate_1,E4,411.73
,,plate_0,RFP_1_plate_1,E5,206.521
,,plate_0,RFP_1_plate_1,E6,145.087
,,plate_0,RFP_1_plate_1,E7,184.054
,,plate_0,RFP_1_plate_1,E8,139.315
,,plate_0,RFP_1_plate_1,E9,3.504
,,plate_0,RFP_1_plate_1,E10,3.631
,,plate_0,RFP_1_plate_1,E11,3.113
,,plate_0,RFP_1_plate_1,E12,3.43
,,plate_0,RFP_1_plate_1,F1,35.666
,,plate_0,RFP_1_plate_1,F2,43.261
,,plate_0,RFP_1_plate_1,F3,8.055
,,plate_0,RFP_1_plate_1,F4,402.86
,,plate_0,RFP_1_plate_1,F5,175.09
,,plate_0,RFP_1_plate_1,F6,142.343
,,plate_0,RFP_1_plate_1,F7,176.894
,,plate_0,RFP_1_plate_1,F8,97.681
,,plate_0,RFP_1_plate_1,F9,3.447
,,plate_0,RFP_1_plate_1,F10,3.167
,,plate_0,RFP_1_plate_1,F11,3.639
,,plate_0,RFP_1_plate_1,F12,3.628
,,plate_0,RFP_1_plate_1,G1,33.808
,,plate_0,RFP_1_plate_1,G2,52.701
,,plate_0,RFP_1_plate_1,G3,8.248
,,plate_0,RFP_1_plate_1,G4,373.239
,,plate_0,RFP_1_plate_1,G5,188.107
,,plate_0,RFP_1_plate_1,G6,132.292
,,plate_0,RFP_1_plate_1,G7,199.416
,,plate_0,RFP_1_plate_1,G8,275.341
,,plate_0,RFP_1_plate_1,G9,3.262
,,plate_0,RFP_1_plate_1,G10,9.112
,,plate_0,RFP_1_plate_1,G11,3.691
,,plate_0,RFP_1_plate_1,G12,3.786
,,plate_0,RFP_1_plate_1,H1,24.766
,,plate_0,RFP_1_plate_1,H2,63.975
,,plate_0,RFP_1_plate_1,H3,9.81
,,plate_0,RFP_1_plate_1,H4,368.504
,,plate_0,RFP_1_plate_1,H5,180.556
,,plate_0,RFP_1_plate_1,H6,143.044
,,plate_0,RFP_1_plate_1,H7,359.896
,,plate_0,RFP_1_plate_1,H8,485.934
,,plate_0,RFP_1_plate_1,H9,3.268
,,plate_0,RFP_1_plate_1,H10,3.348
,,plate_0,RFP_1_plate_1,H11,3.111
,,plate_0,RFP_1_plate_1,H12,3.464
C4,A2,plate_1,RFP_2_plate_1_shaking,A1,34.258
,,plate_1,RFP_2_plate_1_shaking,A2,55.241
,,plate_1,RFP_2_plate_1_shaking,A3,8.078
,,plate_1,RFP_2_plate_1_shaking,A4,307.781
,,plate_1,RFP_2_plate_1_shaking,A5,206.257
,,plate_1,RFP_2_plate_1_shaking,A6,411.149
,,plate_1,RFP_2_plate_1_shaking,A7,357.07
,,plate_1,RFP_2_plate_1_shaking,A8,149.928
,,plate_1,RFP_2_plate_1_shaking,A9,3.973
,,plate_1,RFP_2_plate_1_shaking,A10,2.847
,,plate_1,RFP_2_plate_1_shaking,A11,3.035
,,plate_1,RFP_2_plate_1_shaking,A12,4.087
,,plate_1,RFP_2_plate_1_shaking,B1,39.789
,,plate_1,RFP_2_plate_1_shaking,B2,48.792
,,plate_1,RFP_2_plate_1_shaking,B3,7.989
,,plate_1,RFP_2_plate_1_shaking,B4,191.978
,,plate_1,RFP_2_plate_1_shaking,B5,217.135
,,plate_1,RFP_2_plate_1_shaking,B6,180.463
,,plate_1,RFP_2_plate_1_shaking,B7,206.961
,,plate_1,RFP_2_plate_1_shaking,B8,375.255
,,plate_1,RFP_2_plate_1_shaking,B9,143.659
,,plate_1,RFP_2_plate_1_shaking,B10,3.309
,,plate_1,RFP_2_plate_1_shaking,B11,3.26
,,plate_1,RFP_2_plate_1_shaking,B12,4.56
,,plate_1,RFP_2_plate_1_shaking,C1,38.072
,,plate_1,RFP_2_plate_1_shaking,C2,48.207
,,plate_1,RFP_2_plate_1_shaking,C3,8.844
,,plate_1,RFP_2_plate_1_shaking,C4,262.46
,,plate_1,RFP_2_plate_1_shaking,C5,202.739
,,plate_1,RFP_2_plate_1_shaking,C6,330.103
,,plate_1,RFP_2_plate_1_shaking,C7,198.186
,,plate_1,RFP_2_plate_1_shaking,C8,293.582
,,plate_1,RFP_2_plate_1_shaking,C9,3.402
,,plate_1,RFP_2_plate_1_shaking,C10,3.241
,,plate_1,RFP_2_plate_1_shaking,C11,3.295
,,plate_1,RFP_2_plate_1_shaking,C12,5.119
,,plate_1,RFP_2_plate_1_shaking,D1,41.962
,,plate_1,RFP_2_plate_1_shaking,D2,50.45
,,plate_1,RFP_2_plate_1_shaking,D3,21.606
,,plate_1,RFP_2_plate_1_shaking,D4,6.754
,,plate_1,RFP_2_plate_1_shaking,D5,313.332
,,plate_1,RFP_2_plate_1_shaking,D6,229.644
,,plate_1,RFP_2_plate_1_shaking,D7,244.509
,,plate_1,RFP_2_plate_1_shaking,D8,294.342
,,plate_1,RFP_2_plate_1_shaking,D9,4.092
,,plate_1,RFP_2_plate_1_shaking,D10,221.714
,,plate_1,RFP_2_plate_1_shaking,D11,3.308
,,plate_1,RFP_2_plate_1_shaking,D12,4.971
,,plate_1,RFP_2_plate_1_shaking,E1,41.72
,,plate_1,RFP_2_plate_1_shaking,E2,50.791
,,plate_1,RFP_2_plate_1_shaking,E3,12.51
,,plate_1,RFP_2_plate_1_shaking,E4,6.65
,,plate_1,RFP_2_plate_1_shaking,E5,223.626
,,plate_1,RFP_2_plate_1_shaking,E6,218.991
,,plate_1,RFP_2_plate_1_shaking,E7,223.544
,,plate_1,RFP_2_plate_1_shaking,E8,380.732
,,plate_1,RFP_2_plate_1_shaking,E9,3.54
,,plate_1,RFP_2_plate_1_shaking,E10,3.402
,,plate_1,RFP_2_plate_1_shaking,E11,3.507
,,plate_1,RFP_2_plate_1_shaking,E12,4.792
,,plate_1,RFP_2_plate_1_shaking,F1,40.332
,,plate_1,RFP_2_plate_1_shaking,F2,55.586
,,plate_1,RFP_2_plate_1_shaking,F3,14.675
,,plate_1,RFP_2_plate_1_shaking,F4,10.184
,,plate_1,RFP_2_plate_1_shaking,F5,182.477
,,plate_1,RFP_2_plate_1_shaking,F6,227.73
,,plate_1,RFP_2_plate_1_shaking,F7,235.024
,,plate_1,RFP_2_plate_1_shaking,F8,384.631
,,plate_1,RFP_2_plate_1_shaking,F9,4.221
,,plate_1,RFP_2_plate_1_shaking,F10,3.283
,,plate_1,RFP_2_plate_1_shaking,F11,3.547
,,plate_1,RFP_2_plate_1_shaking,F12,4.193
,,plate_1,RFP_2_plate_1_shaking,G1,38.022
,,plate_1,RFP_2_plate_1_shaking,G2,66.391
,,plate_1,RFP_2_plate_1_shaking,G3,22.075
,,plate_1,RFP_2_plate_1_shaking,G4,6.88
,,plate_1,RFP_2_plate_1_shaking,G5,344.829
,,plate_1,RFP_2_plate_1_shaking,G6,275.383
,,plate_1,RFP_2_plate_1_shaking,G7,274.757
,,plate_1,RFP_2_plate_1_shaking,G8,155.212
,,plate_1,RFP_2_plate_1_shaking,G9,3.523
,,plate_1,RFP_2_plate_1_shaking,G10,3.197
,,plate_1,RFP_2_plate_1_shaking,G11,3.462
,,plate_1,RFP_2_plate_1_shaking,G12,4.681
,,plate_1,RFP_2_plate_1_shaking,H1,37.808
,,plate_1,RFP_2_plate_1_shaking,H2,62.856
,,plate_1,RFP_2_plate_1_shaking,H3,7.834
,,plate_1,RFP_2_plate_1_shaking,H4,351.266
,,plate_1,RFP_2_plate_1_shaking,H5,264.246
,,plate_1,RFP_2_plate_1_shaking,H6,310.611
,,plate_1,RFP_2_plate_1_shaking,H7,338.617
,,plate_1,RFP_2_plate_1_shaking,H8,572.893
,,plate_1,RFP_2_plate_1_shaking,H9,165.194
,,plate_1,RFP_2_plate_1_shaking,H10,3.184
,,plate_1,RFP_2_plate_1_shaking,H11,3.788
,,plate_1,RFP_2_plate_1_shaking,H12,4.264
C4,A3,plate_2,RFP_3_plate_1,A1,36.226
,,plate_2,RFP_3_plate_1,A2,46.154
,,plate_2,RFP_3_plate_1,A3,10.851
,,plate_2,RFP_3_plate_1,A4,354.013
,,plate_2,RFP_3_plate_1,A5,282.681
,,plate_2,RFP_3_plate_1,A6,353.778
,,plate_2,RFP_3_plate_1,A7,405.425
,,plate_2,RFP_3_plate_1,A8,581.661
,,plate_2,RFP_3_plate_1,A9,3.37
,,plate_2,RFP_3_plate_1,A10,4.353
,,plate_2,RFP_3_plate_1,A11,310.182
,,plate_2,RFP_3_plate_1,A12,3.962
,,plate_2,RFP_3_plate_1,B1,35.81
,,plate_2,RFP_3_plate_1,B2,43.972
,,plate_2,RFP_3_plate_1,B3,9.822
,,plate_2,RFP_3_plate_1,B4,299.305
,,plate_2,RFP_3_plate_1,B5,197.226
,,plate_2,RFP_3_plate_1,B6,274.159
,,plate_2,RFP_3_plate_1,B7,308.574
,,plate_2,RFP_3_plate_1,B8,383.475
,,plate_2,RFP_3_plate_1,B9,3.256
,,plate_2,RFP_3_plate_1,B10,3.303
,,plate_2,RFP_3_plate_1,B11,3.311
,,plate_2,RFP_3_plate_1,B12,3.736
,,plate_2,RFP_3_plate_1,C1,36.81
,,plate_2,RFP_3_plate_1,C2,50.878
,,plate_2,RFP_3_plate_1,C3,7.604
,,plate_2,RFP_3_plate_1,C4,325.865
,,plate_2,RFP_3_plate_1,C5,197.307
,,plate_2,RFP_3_plate_1,C6,253.277
,,plate_2,RFP_3_plate_1,C7,338.203
,,plate_2,RFP_3_plate_1,C8,449.117
,,plate_2,RFP_3_plate_1,C9,3.2
,,plate_2,RFP_3_plate_1,C10,258.447
,,plate_2,RFP_3_plate_1,C11,3.037
,,plate_2,RFP_3_plate_1,C12,3.016
,,plate_2,RFP_3_plate_1,D1,33.556
,,plate_2,RFP_3_plate_1,D2,71.76
,,plate_2,RFP_3_plate_1,D3,9.574
,,plate_2,RFP_3_plate_1,D4,243.903
,,plate_2,RFP_3_plate_1,D5,187.186
,,plate_2,RFP_3_plate_1,D6,281.659
,,plate_2,RFP_3_plate_1,D7,332.85
,,plate_2,RFP_3_plate_1,D8,475.605
,,plate_2,RFP_3_plate_1,D9,3.321
,,plate_2,RFP_3_plate_1,D10,2.933
,,plate_2,RFP_3_plate_1,D11,3.309
,,plate_2,RFP_3_plate_1,D12,3.56
,,plate_2,RFP_3_plate_1,E1,35.251
,,plate_2,RFP_3_plate_1,E2,61.338
,,plate_2,RFP_3_plate_1,E3,8.113
,,plate_2,RFP_3_plate_1,E4,346.207
,,plate_2,RFP_3_plate_1,E5,188.664
,,plate_2,RFP_3_plate_1,E6,268.415
,,plate_2,RFP_3_plate_1,E7,333.908
,,plate_2,RFP_3_plate_1,E8,512.662
,,plate_2,RFP_3_plate_1,E9,222.152
,,plate_2,RFP_3_plate_1,E10,277.232
,,plate_2,RFP_3_plate_1,E11,3.288
,,plate_2,RFP_3_plate_1,E12,3.874
,,plate_2,RFP_3_plate_1,F1,36.102
,,plate_2,RFP_3_plate_1,F2,70.358
,,plate_2,RFP_3_plate_1,F3,8.832
,,plate_2,RFP_3_plate_1,F4,170.177
,,plate_2,RFP_3_plate_1,F5,267.311
,,plate_2,RFP_3_plate_1,F6,293.061
,,plate_2,RFP_3_plate_1,F7,352.298
,,plate_2,RFP_3_plate_1,F8,445.926
,,plate_2,RFP_3_plate_1,F9,4.364
,,plate_2,RFP_3_plate_1,F10,3.423
,,plate_2,RFP_3_plate_1,F11,3.68
,,plate_2,RFP_3_plate_1,F12,4.285
,,plate_2,RFP_3_plate_1,G1,39.902
,,plate_2,RFP_3_plate_1,G2,71.009
,,plate_2,RFP_3_plate_1,G3,75.544
,,plate_2,RFP_3_plate_1,G4,555.548
,,plate_2,RFP_3_plate_1,G5,329.133
,,plate_2,RFP_3_plate_1,G6,351.032
,,plate_2,RFP_3_plate_1,G7,352.18
,,plate_2,RFP_3_plate_1,G8,529.673
,,plate_2,RFP_3_plate_1,G9,3.982
,,plate_2,RFP_3_plate_1,G10,3.335
,,plate_2,RFP_3_plate_1,G11,288.983
,,plate_2,RFP_3_plate_1,G12,3.666
,,plate_2,RFP_3_plate_1,H1,28.36
,,plate_2,RFP_3_plate_1,H2,63.587
,,plate_2,RFP_3_plate_1,H3,17.001
,,plate_2,RFP_3_plate_1,H4,19.92
,,plate_2,RFP_3_plate_1,H5,562.687
,,plate_2,RFP_3_plate_1,H6,621.492
,,plate_2,RFP_3_plate_1,H7,398.738
,,plate_2,RFP_3_plate_1,H8,422.732
,,plate_2,RFP_3_plate_1,H9,3.142
,,plate_2,RFP_3_plate_1,H10,3.287
,,plate_2,RFP_3_plate_1,H11,4.658
,,plate_2,RFP_3_plate_1,H12,3.416
C5,B1,plate_3,RFP_1_plate_1_shaking,A1,27.821
,,plate_3,RFP_1_plate_1_shaking,A2,16.771
,,plate_3,RFP_1_plate_1_shaking,A3,9.481
,,plate_3,RFP_1_plate_1_shaking,A4,335.977
,,plate_3,RFP_1_plate_1_shaking,A5,227.273
,,plate_3,RFP_1_plate_1_shaking,A6,221.389
,,plate_3,RFP_1_plate_1_shaking,A7,282.393
,,plate_3,RFP_1_plate_1_shaking,A8,211.545
,,plate_3,RFP_1_plate_1_shaking,A9,143.212
,,plate_3,RFP_1_plate_1_shaking,A10,3.996
,,plate_3,RFP_1_plate_1_shaking,A11,3.315
,,plate_3,RFP_1_plate_1_shaking,A12,4.263
,,plate_3,RFP_1_plate_1_shaking,B1,27.52
,,plate_3,RFP_1_plate_1_shaking,B2,15.951
,,plate_3,RFP_1_plate_1_shaking,B3,9.448
,,plate_3,RFP_1_plate_1_shaking,B4,288.825
,,plate_3,RFP_1_plate_1_shaking,B5,187.454
,,plate_3,RFP_1_plate_1_shaking,B6,87.853
,,plate_3,RFP_1_plate_1_shaking,B7,194.168
,,plate_3,RFP_1_plate_1_shaking,B8,4.016
,,plate_3,RFP_1_plate_1_shaking,B9,3.689
,,plate_3,RFP_1_plate_1_shaking,B10,3.489
,,plate_3,RFP_1_plate_1_shaking,B11,3.521
,,plate_3,RFP_1_plate_1_shaking,B12,3.721
,,plate_3,RFP_1_plate_1_shaking,C1,27.989
,,plate_3,RFP_1_plate_1_shaking,C2,17.473
,,plate_3,RFP_1_plate_1_shaking,C3,7.753
,,plate_3,RFP_1_plate_1_shaking,C4,314.681
,,plate_3,RFP_1_plate_1_shaking,C5,166.017
,,plate_3,RFP_1_plate_1_shaking,C6,135.265
,,plate_3,RFP_1_plate_1_shaking,C7,157.346
,,plate_3,RFP_1_plate_1_shaking,C8,250.592
,,plate_3,RFP_1_plate_1_shaking,C9,3.267
,,plate_3,RFP_1_plate_1_shaking,C10,3.403
,,plate_3,RFP_1_plate_1_shaking,C11,3.537
,,plate_3,RFP_1_plate_1_shaking,C12,3.37
,,plate_3,RFP_1_plate_1_shaking,D1,29.343
,,plate_3,RFP_1_plate_1_shaking,D2,17.769
,,plate_3,RFP_1_plate_1_shaking,D3,9.751
,,plate_3,RFP_1_plate_1_shaking,D4,281.803
,,plate_3,RFP_1_plate_1_shaking,D5,157.647
,,plate_3,RFP_1_plate_1_shaking,D6,186.674
,,plate_3,RFP_1_plate_1_shaking,D7,168.373
,,plate_3,RFP_1_plate_1_shaking,D8,157.232
,,plate_3,RFP_1_plate_1_shaking,D9,75.815
,,plate_3,RFP_1_plate_1_shaking,D10,3.166
,,plate_3,RFP_1_plate_1_shaking,D11,3.424
,,plate_3,RFP_1_plate_1_shaking,D12,3.481
,,plate_3,RFP_1_plate_1_shaking,E1,25.22
,,plate_3,RFP_1_plate_1_shaking,E2,18.15
,,plate_3,RFP_1_plate_1_shaking,E3,9.546
,,plate_3,RFP_1_plate_1_shaking,E4,226.096
,,plate_3,RFP_1_plate_1_shaking,E5,167.355
,,plate_3,RFP_1_plate_1_shaking,E6,182.577
,,plate_3,RFP_1_plate_1_shaking,E7,171.756
,,plate_3,RFP_1_plate_1_shaking,E8,194.49
,,plate_3,RFP_1_plate_1_shaking,E9,48.779
,,plate_3,RFP_1_plate_1_shaking,E10,3.67
,,plate_3,RFP_1_plate_1_shaking,E11,3.003
,,plate_3,RFP_1_plate_1_shaking,E12,3.749
,,plate_3,RFP_1_plate_1_shaking,F1,32.736
,,plate_3,RFP_1_plate_1_shaking,F2,18.241
,,plate_3,RFP_1_plate_1_shaking,F3,8.488
,,plate_3,RFP_1_plate_1_shaking,F4,272.049
,,plate_3,RFP_1_plate_1_shaking,F5,156.605
,,plate_3,RFP_1_plate_1_shaking,F6,179.949
,,plate_3,RFP_1_plate_1_shaking,F7,152.633
,,plate_3,RFP_1_plate_1_shaking,F8,106.017
,,plate_3,RFP_1_plate_1_shaking,F9,3.381
,,plate_3,RFP_1_plate_1_shaking,F10,3.767
,,plate_3,RFP_1_plate_1_shaking,F11,3.448
,,plate_3,RFP_1_plate_1_shaking,F12,3.922
,,plate_3,RFP_1_plate_1_shaking,G1,28.322
,,plate_3,RFP_1_plate_1_shaking,G2,17.437
,,plate_3,RFP_1_plate_1_shaking,G3,12.141
,,plate_3,RFP_1_plate_1_shaking,G4,301.622
,,plate_3,RFP_1_plate_1_shaking,G5,206.589
,,plate_3,RFP_1_plate_1_shaking,G6,254.035
,,plate_3,RFP_1_plate_1_shaking,G7,200.767
,,plate_3,RFP_1_plate_1_shaking,G8,275.895
,,plate_3,RFP_1_plate_1_shaking,G9,4.437
,,plate_3,RFP_1_plate_1_shaking,G10,4.475
,,plate_3,RFP_1_plate_1_shaking,G11,3.438
,,plate_3,RFP_1_plate_1_shaking,G12,3.708
,,plate_3,RFP_1_plate_1_shaking,H1,17.306
,,plate_3,RFP_1_plate_1_shaking,H2,19.923
,,plate_3,RFP_1_plate_1_shaking,H3,9.525
,,plate_3,RFP_1_plate_1_shaking,H4,347.476
,,plate_3,RFP_1_plate_1_shaking,H5,259.763
,,plate_3,RFP_1_plate_1_shaking,H6,281.697
,,plate_3,RFP_1_plate_1_shaking,H7,263.057
,,plate_3,RFP_1_plate_1_shaking,H8,313.054
,,plate_3,RFP_1_plate_1_shaking,H9,80.646
,,plate_3,RFP_1_plate_1_shaking,H10,168.768
,,plate_3,RFP_1_plate_1_shaking,H11,3.421
,,plate_3,RFP_1_plate_1_shaking,H12,3.677
C5,B2,plate_4,RFP_2_plate_1,A1,28.495
,,plate_4,RFP_2_plate_1,A2,24.189
,,plate_4,RFP_2_plate_1,A3,13.142
,,plate_4,RFP_2_plate_1,A4,450.345
,,plate_4,RFP_2_plate_1,A5,330.65
,,plate_4,RFP_2_plate_1,A6,394.36
,,plate_4,RFP_2_plate_1,A7,457.797
,,plate_4,RFP_2_plate_1,A8,3.826
,,plate_4,RFP_2_plate_1,A9,3.494
,,plate_4,RFP_2_plate_1,A10,3.569
,,plate_4,RFP_2_plate_1,A11,3.579
,,plate_4,RFP_2_plate_1,A12,3.458
,,plate_4,RFP_2_plate_1,B1,28.242
,,plate_4,RFP_2_plate_1,B2,24.799
,,plate_4,RFP_2_plate_1,B3,10.892
,,plate_4,RFP_2_plate_1,B4,392.582
,,plate_4,RFP_2_plate_1,B5,258.722
,,plate_4,RFP_2_plate_1,B6,268.901
,,plate_4,RFP_2_plate_1,B7,322.578
,,plate_4,RFP_2_plate_1,B8,4.08
,,plate_4,RFP_2_plate_1,B9,3.52
,,plate_4,RFP_2_plate_1,B10,3.343
,,plate_4,RFP_2_plate_1,B11,3.27
,,plate_4,RFP_2_plate_1,B12,4.245
,,plate_4,RFP_2_plate_1,C1,27.737
,,plate_4,RFP_2_plate_1,C2,20.132
,,plate_4,RFP_2_plate_1,C3,8.822
,,plate_4,RFP_2_plate_1,C4,334.618
,,plate_4,RFP_2_plate_1,C5,241.195
,,plate_4,RFP_2_plate_1,C6,244.15
,,plate_4,RFP_2_plate_1,C7,328.485
,,plate_4,RFP_2_plate_1,C8,3.556
,,plate_4,RFP_2_plate_1,C9,3.126
,,plate_4,RFP_2_plate_1,C10,4.11
,,plate_4,RFP_2_plate_1,C11,3.606
,,plate_4,RFP_2_plate_1,C12,3.853
,,plate_4,RFP_2_plate_1,D1,28.022
,,plate_4,RFP_2_plate_1,D2,17.817
,,plate_4,RFP_2_plate_1,D3,12.278
,,plate_4,RFP_2_plate_1,D4,240.628
,,plate_4,RFP_2_plate_1,D5,200.416
,,plate_4,RFP_2_plate_1,D6,243.629
,,plate_4,RFP_2_plate_1,D7,295.644
,,plate_4,RFP_2_plate_1,D8,53.749
,,plate_4,RFP_2_plate_1,D9,4.443
,,plate_4,RFP_2_plate_1,D10,3.442
,,plate_4,RFP_2_plate_1,D11,3.793
,,plate_4,RFP_2_plate_1,D12,3.905
,,plate_4,RFP_2_plate_1,E1,26.508
,,plate_4,RFP_2_plate_1,E2,24.809
,,plate_4,RFP_2_plate_1,E3,14.548
,,plate_4,RFP_2_plate_1,E4,298.394
,,plate_4,RFP_2_plate_1,E5,235.86
,,plate_4,RFP_2_plate_1,E6,240.687
,,plate_4,RFP_2_plate_1,E7,271.443
,,plate_4,RFP_2_plate_1,E8,379.438
,,plate_4,RFP_2_plate_1,E9,3.306
,,plate_4,RFP_2_plate_1,E10,3.119
,,plate_4,RFP_2_plate_1,E11,3.605
,,plate_4,RFP_2_plate_1,E12,3.78
,,plate_4,RFP_2_plate_1,F1,27.409
,,plate_4,RFP_2_plate_1,F2,19.793
,,plate_4,RFP_2_plate_1,F3,10.122
,,plate_4,RFP_2_plate_1,F4,394.684
,,plate_4,RFP_2_plate_1,F5,226.325
,,plate_4,RFP_2_plate_1,F6,227.563
,,plate_4,RFP_2_plate_1,F7,276.33
,,plate_4,RFP_2_plate_1,F8,173.646
,,plate_4,RFP_2_plate_1,F9,4.02
,,plate_4,RFP_2_plate_1,F10,3.672
,,plate_4,RFP_2_plate_1,F11,3.588
,,plate_4,RFP_2_plate_1,F12,4.328
,,plate_4,RFP_2_plate_1,G1,26.958
,,plate_4,RFP_2_plate_1,G2,24.433
,,plate_4,RFP_2_plate_1,G3,10.179
,,plate_4,RFP_2_plate_1,G4,7.844
,,plate_4,RFP_2_plate_1,G5,273.635
,,plate_4,RFP_2_plate_1,G6,265.961
,,plate_4,RFP_2_plate_1,G7,279.454
,,plate_4,RFP_2_plate_1,G8,348.48
,,plate_4,RFP_2_plate_1,G9,134.507
,,plate_4,RFP_2_plate_1,G10,3.234
,,plate_4,RFP_2_plate_1,G11,3.259
,,plate_4,RFP_2_plate_1,G12,3.688
,,plate_4,RFP_2_plate_1,H1,23.344
,,plate_4,RFP_2_plate_1,H2,27.043
,,plate_4,RFP_2_plate_1,H3,9.57
,,plate_4,RFP_2_plate_1,H4,430.577
,,plate_4,RFP_2_plate_1,H5,374.599
,,plate_4,RFP_2_plate_1,H6,404.508
,,plate_4,RFP_2_plate_1,H7,534.161
,,plate_4,RFP_2_plate_1,H8,3.751
,,plate_4,RFP_2_plate_1,H9,3.084
,,plate_4,RFP_2_plate_1,H10,2.966
,,plate_4,RFP_2_plate_1,H11,2.889
,,plate_4,RFP_2_plate_1,H12,3.334
C5,B3,plate_5,RFP_3_plate_1,A1,19.617
,,plate_5,RFP_3_plate_1,A2,24.966
,,plate_5,RFP_3_plate_1,A3,8.199
,,plate_5,RFP_3_plate_1,A4,378.177
,,plate_5,RFP_3_plate_1,A5,301.623
,,plate_5,RFP_3_plate_1,A6,357.185
,,plate_5,RFP_3_plate_1,A7,481.16
,,plate_5,RFP_3_plate_1,A8,393.019
,,plate_5,RFP_3_plate_1,A9,3.549
,,plate_5,RFP_3_plate_1,A10,3.226
,,plate_5,RFP_3_plate_1,A11,3.735
,,plate_5,RFP_3_plate_1,A12,3.653
,,plate_5,RFP_3_plate_1,B1,24.83
,,plate_5,RFP_3_plate_1,B2,22.865
,,plate_5,RFP_3_plate_1,B3,10.283
,,plate_5,RFP_3_plate_1,B4,262.557
,,plate_5,RFP_3_plate_1,B5,205.798
,,plate_5,RFP_3_plate_1,B6,282.452
,,plate_5,RFP_3_plate_1,B7,319.6
,,plate_5,RFP_3_plate_1,B8,411.746
,,plate_5,RFP_3_plate_1,B9,3.748
,,plate_5,RFP_3_plate_1,B10,3.849
,,plate_5,RFP_3_plate_1,B11,3.536
,,plate_5,RFP_3_plate_1,B12,3.261
,,plate_5,RFP_3_plate_1,C1,28.454
,,plate_5,RFP_3_plate_1,C2,28.28
,,plate_5,RFP_3_plate_1,C3,9.285
,,plate_5,RFP_3_plate_1,C4,286.403
,,plate_5,RFP_3_plate_1,C5,193.004
,,plate_5,RFP_3_plate_1,C6,226.408
,,plate_5,RFP_3_plate_1,C7,352.104
,,plate_5,RFP_3_plate_1,C8,2.987
,,plate_5,RFP_3_plate_1,C9,3.151
,,plate_5,RFP_3_plate_1,C10,3.359
,,plate_5,RFP_3_plate_1,C11,3.794
,,plate_5,RFP_3_plate_1,C12,3.893
,,plate_5,RFP_3_plate_1,D1,26.162
,,plate_5,RFP_3_plate_1,D2,17.995
,,plate_5,RFP_3_plate_1,D3,8.781
,,plate_5,RFP_3_plate_1,D4,239.674
,,plate_5,RFP_3_plate_1,D5,189.075
,,plate_5,RFP_3_plate_1,D6,238.628
,,plate_5,RFP_3_plate_1,D7,295.217
,,plate_5,RFP_3_plate_1,D8,447.252
,,plate_5,RFP_3_plate_1,D9,2.821
,,plate_5,RFP_3_plate_1,D10,3.071
,,plate_5,RFP_3_plate_1,D11,3.45
,,plate_5,RFP_3_plate_1,D12,3.464
,,plate_5,RFP_3_plate_1,E1,24.785
,,plate_5,RFP_3_plate_1,E2,26.216
,,plate_5,RFP_3_plate_1,E3,9.718
,,plate_5,RFP_3_plate_1,E4,239.308
,,plate_5,RFP_3_plate_1,E5,186.618
,,plate_5,RFP_3_plate_1,E6,209.495
,,plate_5,RFP_3_plate_1,E7,287.836
,,plate_5,RFP_3_plate_1,E8,413.091
,,plate_5,RFP_3_plate_1,E9,3.66
,,plate_5,RFP_3_plate_1,E10,3.305
,,plate_5,RFP_3_plate_1,E11,3.554
,,plate_5,RFP_3_plate_1,E12,3.405
,,plate_5,RFP_3_plate_1,F1,27.576
,,plate_5,RFP_3_plate_1,F2,21.342
,,plate_5,RFP_3_plate_1,F3,10.688
,,plate_5,RFP_3_plate_1,F4,353.927
,,plate_5,RFP_3_plate_1,F5,169.264
,,plate_5,RFP_3_plate_1,F6,188.519
,,plate_5,RFP_3_plate_1,F7,221.39
,,plate_5,RFP_3_plate_1,F8,4.356
,,plate_5,RFP_3_plate_1,F9,3.545
,,plate_5,RFP_3_plate_1,F10,3.838
,,plate_5,RFP_3_plate_1,F11,3.295
,,plate_5,RFP_3_plate_1,F12,3.777
,,plate_5,RFP_3_plate_1,G1,28.086
,,plate_5,RFP_3_plate_1,G2,26.71
,,plate_5,RFP_3_plate_1,G3,9.607
,,plate_5,RFP_3_plate_1,G4,369.039
,,plate_5,RFP_3_plate_1,G5,209.57
,,plate_5,RFP_3_plate_1,G6,319.314
,,plate_5,RFP_3_plate_1,G7,307.313
,,plate_5,RFP_3_plate_1,G8,435.03
,,plate_5,RFP_3_plate_1,G9,3.737
,,plate_5,RFP_3_plate_1,G10,3.381
,,plate_5,RFP_3_plate_1,G11,3.245
,,plate_5,RFP_3_plate_1,G12,4.081
,,plate_5,RFP_3_plate_1,H1,17.326
,,plate_5,RFP_3_plate_1,H2,32.423
,,plate_5,RFP_3_plate_1,H3,9.909
,,plate_5,RFP_3_plate_1,H4,374.678
,,plate_5,RFP_3_plate_1,H5,194.747
,,plate_5,RFP_3_plate_1,H6,228.602
,,plate_5,RFP_3_plate_1,H7,292.858
,,plate_5,RFP_3_plate_1,H8,323.76
,,plate_5,RFP_3_plate_1,H9,3.707
,,plate_5,RFP_3_plate_1,H10,410.413
,,plate_5,RFP_3_plate_1,H11,3.08
,,plate_5,RFP_3_plate_1,H12,3.918
C6,C1,plate_6,RFP_1_plate_1_shaking,A1,26.963
,,plate_6,RFP_1_plate_1_shaking,A2,12.687
,,plate_6,RFP_1_plate_1_shaking,A3,7.441
,,plate_6,RFP_1_plate_1_shaking,A4,8.175
,,plate_6,RFP_1_plate_1_shaking,A5,9.342
,,plate_6,RFP_1_plate_1_shaking,A6,8.619
,,plate_6,RFP_1_plate_1_shaking,A7,8.262
,,plate_6,RFP_1_plate_1_shaking,A8,8.281
,,plate_6,RFP_1_plate_1_shaking,A9,26.296
,,plate_6,RFP_1_plate_1_shaking,A10,4.096
,,plate_6,RFP_1_plate_1_shaking,A11,3.675
,,plate_6,RFP_1_plate_1_shaking,A12,3.579
,,plate_6,RFP_1_plate_1_shaking,B1,29.612
,,plate_6,RFP_1_plate_1_shaking,B2,11.72
,,plate_6,RFP_1_plate_1_shaking,B3,6.391
,,plate_6,RFP_1_plate_1_shaking,B4,8.03
,,plate_6,RFP_1_plate_1_shaking,B5,7.993
,,plate_6,RFP_1_plate_1_shaking,B6,7.569
,,plate_6,RFP_1_plate_1_shaking,B7,7.194
,,plate_6,RFP_1_plate_1_shaking,B8,3.473
,,plate_6,RFP_1_plate_1_shaking,B9,3.749
,,plate_6,RFP_1_plate_1_shaking,B10,2.892
,,plate_6,RFP_1_plate_1_shaking,B11,3.35
,,plate_6,RFP_1_plate_1_shaking,B12,3.329
,,plate_6,RFP_1_plate_1_shaking,C1,27.716
,,plate_6,RFP_1_plate_1_shaking,C2,9.804
,,plate_6,RFP_1_plate_1_shaking,C3,6.114
,,plate_6,RFP_1_plate_1_shaking,C4,8.362
,,plate_6,RFP_1_plate_1_shaking,C5,8.041
,,plate_6,RFP_1_plate_1_shaking,C6,7.958
,,plate_6,RFP_1_plate_1_shaking,C7,7.003
,,plate_6,RFP_1_plate_1_shaking,C8,3.632
,,plate_6,RFP_1_plate_1_shaking,C9,15.47
,,plate_6,RFP_1_plate_1_shaking,C10,3.41
,,plate_6,RFP_1_plate_1_shaking,C11,3.575
,,plate_6,RFP_1_plate_1_shaking,C12,3.999
,,plate_6,RFP_1_plate_1_shaking,D1,27.57
,,plate_6,RFP_1_plate_1_shaking,D2,11.96
,,plate_6,RFP_1_plate_1_shaking,D3,6.41
,,plate_6,RFP_1_plate_1_shaking,D4,7.682
,,plate_6,RFP_1_plate_1_shaking,D5,8.186
,,plate_6,RFP_1_plate_1_shaking,D6,7.936
,,plate_6,RFP_1_plate_1_shaking,D7,7.567
,,plate_6,RFP_1_plate_1_shaking,D8,7.673
,,plate_6,RFP_1_plate_1_shaking,D9,3.79
,,plate_6,RFP_1_plate_1_shaking,D10,3.293
,,plate_6,RFP_1_plate_1_shaking,D11,2.758
,,plate_6,RFP_1_plate_1_shaking,D12,3.718
,,plate_6,RFP_1_plate_1_shaking,E1,28.887
,,plate_6,RFP_1_plate_1_shaking,E2,11.547
,,plate_6,RFP_1_plate_1_shaking,E3,6.827
,,plate_6,RFP_1_plate_1_shaking,E4,8.094
,,plate_6,RFP_1_plate_1_shaking,E5,7.703
,,plate_6,RFP_1_plate_1_shaking,E6,7.007
,,plate_6,RFP_1_plate_1_shaking,E7,6.709
,,plate_6,RFP_1_plate_1_shaking,E8,7.823
,,plate_6,RFP_1_plate_1_shaking,E9,3.375
,,plate_6,RFP_1_plate_1_shaking,E10,6.463
,,plate_6,RFP_1_plate_1_shaking,E11,3.248
,,plate_6,RFP_1_plate_1_shaking,E12,3.858
,,plate_6,RFP_1_plate_1_shaking,F1,26.918
,,plate_6,RFP_1_plate_1_shaking,F2,17.889
,,plate_6,RFP_1_plate_1_shaking,F3,7.3
,,plate_6,RFP_1_plate_1_shaking,F4,6.917
,,plate_6,RFP_1_plate_1_shaking,F5,8.431
,,plate_6,RFP_1_plate_1_shaking,F6,7.361
,,plate_6,RFP_1_plate_1_shaking,F7,7.533
,,plate_6,RFP_1_plate_1_shaking,F8,7.543
,,plate_6,RFP_1_plate_1_shaking,F9,3.186
,,plate_6,RFP_1_plate_1_shaking,F10,3.521
,,plate_6,RFP_1_plate_1_shaking,F11,2.946
,,plate_6,RFP_1_plate_1_shaking,F12,3.61
,,plate_6,RFP_1_plate_1_shaking,G1,25.872
,,plate_6,RFP_1_plate_1_shaking,G2,20.867
,,plate_6,RFP_1_plate_1_shaking,G3,7.399
,,plate_6,RFP_1_plate_1_shaking,G4,7.302
,,plate_6,RFP_1_plate_1_shaking,G5,8.121
,,plate_6,RFP_1_plate_1_shaking,G6,7.466
,,plate_6,RFP_1_plate_1_shaking,G7,8.162
,,plate_6,RFP_1_plate_1_shaking,G8,7.412
,,plate_6,RFP_1_plate_1_shaking,G9,6.742
,,plate_6,RFP_1_plate_1_shaking,G10,3.606
,,plate_6,RFP_1_plate_1_shaking,G11,3.493
,,plate_6,RFP_1_plate_1_shaking,G12,3.893
,,plate_6,RFP_1_plate_1_shaking,H1,20.33
,,plate_6,RFP_1_plate_1_shaking,H2,21.233
,,plate_6,RFP_1_plate_1_shaking,H3,8.212
,,plate_6,RFP_1_plate_1_shaking,H4,7.976
,,plate_6,RFP_1_plate_1_shaking,H5,8.299
,,plate_6,RFP_1_plate_1_shaking,H6,8.512
,,plate_6,RFP_1_plate_1_shaking,H7,7.771
,,plate_6,RFP_1_plate_1_shaking,H8,8.103
,,plate_6,RFP_1_plate_1_shaking,H9,7.568
,,plate_6,RFP_1_plate_1_shaking,H10,3.555
,,plate_6,RFP_1_plate_1_shaking,H11,3.473
,,plate_6,RFP_1_plate_1_shaking,H12,3.151
C6,C2,plate_7,RFP_2_plate_1,A1,25.717
,,plate_7,RFP_2_plate_1,A2,14.733
,,plate_7,RFP_2_plate_1,A3,7.974
,,plate_7,RFP_2_plate_1,A4,8.987
,,plate_7,RFP_2_plate_1,A5,9.107
,,plate_7,RFP_2_plate_1,A6,9.205
,,plate_7,RFP_2_plate_1,A7,7.622
,,plate_7,RFP_2_plate_1,A8,8.212
,,plate_7,RFP_2_plate_1,A9,3.323
,,plate_7,RFP_2_plate_1,A10,3.065
,,plate_7,RFP_2_plate_1,A11,3.28
,,plate_7,RFP_2_plate_1,A12,3.542
,,plate_7,RFP_2_plate_1,B1,29.138
,,plate_7,RFP_2_plate_1,B2,12.576
,,plate_7,RFP_2_plate_1,B3,7.065
,,plate_7,RFP_2_plate_1,B4,7.934
,,plate_7,RFP_2_plate_1,B5,8.919
,,plate_7,RFP_2_plate_1,B6,8.062
,,plate_7,RFP_2_plate_1,B7,7.817
,,plate_7,RFP_2_plate_1,B8,7.041
,,plate_7,RFP_2_plate_1,B9,3.087
,,plate_7,RFP_2_plate_1,B10,3.382
,,plate_7,RFP_2_plate_1,B11,3.556
,,plate_7,RFP_2_plate_1,B12,3.66
,,plate_7,RFP_2_plate_1,C1,26.431
,,plate_7,RFP_2_plate_1,C2,11.971
,,plate_7,RFP_2_plate_1,C3,7.149
,,plate_7,RFP_2_plate_1,C4,7.804
,,plate_7,RFP_2_plate_1,C5,8.233
,,plate_7,RFP_2_plate_1,C6,8.761
,,plate_7,RFP_2_plate_1,C7,8.335
,,plate_7,RFP_2_plate_1,C8,7.465
,,plate_7,RFP_2_plate_1,C9,6.573
,,plate_7,RFP_2_plate_1,C10,3.257
,,plate_7,RFP_2_plate_1,C11,3.743
,,plate_7,RFP_2_plate_1,C12,3.623
,,plate_7,RFP_2_plate_1,D1,25.758
,,plate_7,RFP_2_plate_1,D2,14.336
,,plate_7,RFP_2_plate_1,D3,6.721
,,plate_7,RFP_2_plate_1,D4,7.451
,,plate_7,RFP_2_plate_1,D5,8.29
,,plate_7,RFP_2_plate_1,D6,8.431
,,plate_7,RFP_2_plate_1,D7,7.907
,,plate_7,RFP_2_plate_1,D8,7.335
,,plate_7,RFP_2_plate_1,D9,6.658
,,plate_7,RFP_2_plate_1,D10,3.428
,,plate_7,RFP_2_plate_1,D11,3.556
,,plate_7,RFP_2_plate_1,D12,3.562
,,plate_7,RFP_2_plate_1,E1,27.397
,,plate_7,RFP_2_plate_1,E2,18.84
,,plate_7,RFP_2_plate_1,E3,7.288
,,plate_7,RFP_2_plate_1,E4,7.397
,,plate_7,RFP_2_plate_1,E5,9.135
,,plate_7,RFP_2_plate_1,E6,7.948
,,plate_7,RFP_2_plate_1,E7,8.054
,,plate_7,RFP_2_plate_1,E8,7.309
,,plate_7,RFP_2_plate_1,E9,3.346
,,plate_7,RFP_2_plate_1,E10,3.304
,,plate_7,RFP_2_plate_1,E11,3.331
,,plate_7,RFP_2_plate_1,E12,4.052
,,plate_7,RFP_2_plate_1,F1,25.158
,,plate_7,RFP_2_plate_1,F2,17.729
,,plate_7,RFP_2_plate_1,F3,8.333
,,plate_7,RFP_2_plate_1,F4,7.251
,,plate_7,RFP_2_plate_1,F5,8.477
,,plate_7,RFP_2_plate_1,F6,8.354
,,plate_7,RFP_2_plate_1,F7,8.047
,,plate_7,RFP_2_plate_1,F8,7.323
,,plate_7,RFP_2_plate_1,F9,3.465
,,plate_7,RFP_2_plate_1,F10,3.578
,,plate_7,RFP_2_plate_1,F11,3.378
,,plate_7,RFP_2_plate_1,F12,3.891
,,plate_7,RFP_2_plate_1,G1,23.899
,,plate_7,RFP_2_plate_1,G2,18.213
,,plate_7,RFP_2_plate_1,G3,7.966
,,plate_7,RFP_2_plate_1,G4,7.247
,,plate_7,RFP_2_plate_1,G5,8.702
,,plate_7,RFP_2_plate_1,G6,7.976
,,plate_7,RFP_2_plate_1,G7,7.267
,,plate_7,RFP_2_plate_1,G8,7.691
,,plate_7,RFP_2_plate_1,G9,7.368
,,plate_7,RFP_2_plate_1,G10,3.428
,,plate_7,RFP_2_plate_1,G11,3.492
,,plate_7,RFP_2_plate_1,G12,3.366
,,plate_7,RFP_2_plate_1,H1,23.16
,,plate_7,RFP_2_plate_1,H2,27.964
,,plate_7,RFP_2_plate_1,H3,8.398
,,plate_7,RFP_2_plate_1,H4,7.937
,,plate_7,RFP_2_plate_1,H5,9.261
,,plate_7,RFP_2_plate_1,H6,8.06
,,plate_7,RFP_2_plate_1,H7,7.603
,,plate_7,RFP_2_plate_1,H8,7.392
,,plate_7,RFP_2_plate_1,H9,2.876
,,plate_7,RFP_2_plate_1,H10,3.381
,,plate_7,RFP_2_plate_1,H11,2.868
,,plate_7,RFP_2_plate_1,H12,3.646
C6,C3,plate_8,RFP_3_plate_1,A1,26.048
,,plate_8,RFP_3_plate_1,A2,19.719
,,plate_8,RFP_3_plate_1,A3,9.182
,,plate_8,RFP_3_plate_1,A4,8.926
,,plate_8,RFP_3_plate_1,A5,9.13
,,plate_8,RFP_3_plate_1,A6,9.044
,,plate_8,RFP_3_plate_1,A7,7.581
,,plate_8,RFP_3_plate_1,A8,8.953
,,plate_8,RFP_3_plate_1,A9,7.578
,,plate_8,RFP_3_plate_1,A10,3.391
,,plate_8,RFP_3_plate_1,A11,3.334
,,plate_8,RFP_3_plate_1,A12,4.02
,,plate_8,RFP_3_plate_1,B1,27.583
,,plate_8,RFP_3_plate_1,B2,16.232
,,plate_8,RFP_3_plate_1,B3,7.938
,,plate_8,RFP_3_plate_1,B4,8.234
,,plate_8,RFP_3_plate_1,B5,8.993
,,plate_8,RFP_3_plate_1,B6,8.45
,,plate_8,RFP_3_plate_1,B7,7.528
,,plate_8,RFP_3_plate_1,B8,7.41
,,plate_8,RFP_3_plate_1,B9,3.649
,,plate_8,RFP_3_plate_1,B10,3.393
,,plate_8,RFP_3_plate_1,B11,3.257
,,plate_8,RFP_3_plate_1,B12,3.631
,,plate_8,RFP_3_plate_1,C1,28.252
,,plate_8,RFP_3_plate_1,C2,19.279
,,plate_8,RFP_3_plate_1,C3,8.462
,,plate_8,RFP_3_plate_1,C4,8.162
,,plate_8,RFP_3_plate_1,C5,9.281
,,plate_8,RFP_3_plate_1,C6,8.394
,,plate_8,RFP_3_plate_1,C7,7.224
,,plate_8,RFP_3_plate_1,C8,7.789
,,plate_8,RFP_3_plate_1,C9,6.622
,,plate_8,RFP_3_plate_1,C10,3.344
,,plate_8,RFP_3_plate_1,C11,2.963
,,plate_8,RFP_3_plate_1,C12,3.691
,,plate_8,RFP_3_plate_1,D1,26.548
,,plate_8,RFP_3_plate_1,D2,24.897
,,plate_8,RFP_3_plate_1,D3,8.441
,,plate_8,RFP_3_plate_1,D4,7.741
,,plate_8,RFP_3_plate_1,D5,9.246
,,plate_8,RFP_3_plate_1,D6,7.783
,,plate_8,RFP_3_plate_1,D7,6.835
,,plate_8,RFP_3_plate_1,D8,7.351
,,plate_8,RFP_3_plate_1,D9,3.396
,,plate_8,RFP_3_plate_1,D10,4.17
,,plate_8,RFP_3_plate_1,D11,3.421
,,plate_8,RFP_3_plate_1,D12,3.826
,,plate_8,RFP_3_plate_1,E1,28.872
,,plate_8,RFP_3_plate_1,E2,20.791
,,plate_8,RFP_3_plate_1,E3,8.675
,,plate_8,RFP_3_plate_1,E4,8.002
,,plate_8,RFP_3_plate_1,E5,9.177
,,plate_8,RFP_3_plate_1,E6,7.826
,,plate_8,RFP_3_plate_1,E7,7.405
,,plate_8,RFP_3_plate_1,E8,7.398
,,plate_8,RFP_3_plate_1,E9,6.741
,,plate_8,RFP_3_plate_1,E10,3.22
,,plate_8,RFP_3_plate_1,E11,3.494
,,plate_8,RFP_3_plate_1,E12,3.343
,,plate_8,RFP_3_plate_1,F1,26.515
,,plate_8,RFP_3_plate_1,F2,25.462
,,plate_8,RFP_3_plate_1,F3,9.423
,,plate_8,RFP_3_plate_1,F4,7.794
,,plate_8,RFP_3_plate_1,F5,8.666
,,plate_8,RFP_3_plate_1,F6,8.172
,,plate_8,RFP_3_plate_1,F7,8.089
,,plate_8,RFP_3_plate_1,F8,7.382
,,plate_8,RFP_3_plate_1,F9,3.494
,,plate_8,RFP_3_plate_1,F10,3.523
,,plate_8,RFP_3_plate_1,F11,3.351
,,plate_8,RFP_3_plate_1,F12,4.255
,,plate_8,RFP_3_plate_1,G1,25.997
,,plate_8,RFP_3_plate_1,G2,24.796
,,plate_8,RFP_3_plate_1,G3,9.574
,,plate_8,RFP_3_plate_1,G4,7.681
,,plate_8,RFP_3_plate_1,G5,9.178
,,plate_8,RFP_3_plate_1,G6,9.151
,,plate_8,RFP_3_plate_1,G7,7.659
,,plate_8,RFP_3_plate_1,G8,7.802
,,plate_8,RFP_3_plate_1,G9,4.067
,,plate_8,RFP_3_plate_1,G10,3.918
,,plate_8,RFP_3_plate_1,G11,3.48
,,plate_8,RFP_3_plate_1,G12,4.088
,,plate_8,RFP_3_plate_1,H1,20.716
,,plate_8,RFP_3_plate_1,H2,26.664
,,plate_8,RFP_3_plate_1,H3,10.563
,,plate_8,RFP_3_plate_1,H4,8.531
,,plate_8,RFP_3_plate_1,H5,8.668
,,plate_8,RFP_3_plate_1,H6,9.289
,,plate_8,RFP_3_plate_1,H7,7.088
,,plate_8,RFP_3_plate_1,H8,8.462
,,plate_8,RFP_3_plate_1,H9,7.855
,,plate_8,RFP_3_plate_1,H10,3.425
,,plate_8,RFP_3_plate_1,H11,3.651
,,plate_8,RFP_3_plate_1,H12,3.154
rfp-Rs5,D1,plate_9,RFP_1_plate_1_shaking,A1,28.054
,,plate_9,RFP_1_plate_1_shaking,A2,73.159
,,plate_9,RFP_1_plate_1_shaking,A3,112.456
,,plate_9,RFP_1_plate_1_shaking,A4,137.493
,,plate_9,RFP_1_plate_1_shaking,A5,132.324
,,plate_9,RFP_1_plate_1_shaking,A6,193.348
,,plate_9,RFP_1_plate_1_shaking,A7,335.724
,,plate_9,RFP_1_plate_1_shaking,A8,286.69
,,plate_9,RFP_1_plate_1_shaking,A9,212.283
,,plate_9,RFP_1_plate_1_shaking,A10,3.68
,,plate_9,RFP_1_plate_1_shaking,A11,3.596
,,plate_9,RFP_1_plate_1_shaking,A12,3.833
,,plate_9,RFP_1_plate_1_shaking,B1,29.985
,,plate_9,RFP_1_plate_1_shaking,B2,76.207
,,plate_9,RFP_1_plate_1_shaking,B3,105.074
,,plate_9,RFP_1_plate_1_shaking,B4,123.179
,,plate_9,RFP_1_plate_1_shaking,B5,136.627
,,plate_9,RFP_1_plate_1_shaking,B6,358.997
,,plate_9,RFP_1_plate_1_shaking,B7,301.089
,,plate_9,RFP_1_plate_1_shaking,B8,260.091
,,plate_9,RFP_1_plate_1_shaking,B9,3.375
,,plate_9,RFP_1_plate_1_shaking,B10,3.218
,,plate_9,RFP_1_plate_1_shaking,B11,3.419
,,plate_9,RFP_1_plate_1_shaking,B12,4.437
,,plate_9,RFP_1_plate_1_shaking,C1,29.332
,,plate_9,RFP_1_plate_1_shaking,C2,78.8
,,plate_9,RFP_1_plate_1_shaking,C3,102.401
,,plate_9,RFP_1_plate_1_shaking,C4,127.929
,,plate_9,RFP_1_plate_1_shaking,C5,163.158
,,plate_9,RFP_1_plate_1_shaking,C6,322.024
,,plate_9,RFP_1_plate_1_shaking,C7,290.578
,,plate_9,RFP_1_plate_1_shaking,C8,227.468
,,plate_9,RFP_1_plate_1_shaking,C9,228.705
,,plate_9,RFP_1_plate_1_shaking,C10,3.058
,,plate_9,RFP_1_plate_1_shaking,C11,3.418
,,plate_9,RFP_1_plate_1_shaking,C12,4.168
,,plate_9,RFP_1_plate_1_shaking,D1,28.923
,,plate_9,RFP_1_plate_1_shaking,D2,81.404
,,plate_9,RFP_1_plate_1_shaking,D3,97.506
,,plate_9,RFP_1_plate_1_shaking,D4,127.438
,,plate_9,RFP_1_plate_1_shaking,D5,143.953
,,plate_9,RFP_1_plate_1_shaking,D6,319.041
,,plate_9,RFP_1_plate_1_shaking,D7,292.547
,,plate_9,RFP_1_plate_1_shaking,D8,257.126
,,plate_9,RFP_1_plate_1_shaking,D9,159.729
,,plate_9,RFP_1_plate_1_shaking,D10,3.43
,,plate_9,RFP_1_plate_1_shaking,D11,3.256
,,plate_9,RFP_1_plate_1_shaking,D12,3.616
,,plate_9,RFP_1_plate_1_shaking,E1,26.607
,,plate_9,RFP_1_plate_1_shaking,E2,83.13
,,plate_9,RFP_1_plate_1_shaking,E3,103.032
,,plate_9,RFP_1_plate_1_shaking,E4,116.386
,,plate_9,RFP_1_plate_1_shaking,E5,125.26
,,plate_9,RFP_1_plate_1_shaking,E6,107
,,plate_9,RFP_1_plate_1_shaking,E7,287.59
,,plate_9,RFP_1_plate_1_shaking,E8,246.952
,,plate_9,RFP_1_plate_1_shaking,E9,226.307
,,plate_9,RFP_1_plate_1_shaking,E10,3.637
,,plate_9,RFP_1_plate_1_shaking,E11,3.162
,,plate_9,RFP_1_plate_1_shaking,E12,3.684
,,plate_9,RFP_1_plate_1_shaking,F1,26.003
,,plate_9,RFP_1_plate_1_shaking,F2,88.67
,,plate_9,RFP_1_plate_1_shaking,F3,107.234
,,plate_9,RFP_1_plate_1_shaking,F4,110.767
,,plate_9,RFP_1_plate_1_shaking,F5,139.356
,,plate_9,RFP_1_plate_1_shaking,F6,333.875
,,plate_9,RFP_1_plate_1_shaking,F7,309.453
,,plate_9,RFP_1_plate_1_shaking,F8,268.452
,,plate_9,RFP_1_plate_1_shaking,F9,244.503
,,plate_9,RFP_1_plate_1_shaking,F10,241.09
,,plate_9,RFP_1_plate_1_shaking,F11,3.566
,,plate_9,RFP_1_plate_1_shaking,F12,3.899
,,plate_9,RFP_1_plate_1_shaking,G1,25.097
,,plate_9,RFP_1_plate_1_shaking,G2,88.69
,,plate_9,RFP_1_plate_1_shaking,G3,98.963
,,plate_9,RFP_1_plate_1_shaking,G4,101.839
,,plate_9,RFP_1_plate_1_shaking,G5,143.295
,,plate_9,RFP_1_plate_1_shaking,G6,83.155
,,plate_9,RFP_1_plate_1_shaking,G7,313.87
,,plate_9,RFP_1_plate_1_shaking,G8,246.889
,,plate_9,RFP_1_plate_1_shaking,G9,256.99
,,plate_9,RFP_1_plate_1_shaking,G10,3.713
,,plate_9,RFP_1_plate_1_shaking,G11,3.056
,,plate_9,RFP_1_plate_1_shaking,G12,3.777
,,plate_9,RFP_1_plate_1_shaking,H1,20.883
,,plate_9,RFP_1_plate_1_shaking,H2,115.949
,,plate_9,RFP_1_plate_1_shaking,H3,108.936
,,plate_9,RFP_1_plate_1_shaking,H4,109.918
,,plate_9,RFP_1_plate_1_shaking,H5,212.549
,,plate_9,RFP_1_plate_1_shaking,H6,172.019
,,plate_9,RFP_1_plate_1_shaking,H7,345.521
,,plate_9,RFP_1_plate_1_shaking,H8,289.395
,,plate_9,RFP_1_plate_1_shaking,H9,245.385
,,plate_9,RFP_1_plate_1_shaking,H10,3.044
,,plate_9,RFP_1_plate_1_shaking,H11,3.284
,,plate_9,RFP_1_plate_1_shaking,H12,3.361
rfp-Rs5,D2,plate_10,RFP_2_plate_1,A1,22.227
,,plate_10,RFP_2_plate_1,A2,225.831
,,plate_10,RFP_2_plate_1,A3,199.18
,,plate_10,RFP_2_plate_1,A4,162.803
,,plate_10,RFP_2_plate_1,A5,113.137
,,plate_10,RFP_2_plate_1,A6,374.102
,,plate_10,RFP_2_plate_1,A7,320.749
,,plate_10,RFP_2_plate_1,A8,254.724
,,plate_10,RFP_2_plate_1,A9,229.967
,,plate_10,RFP_2_plate_1,A10,3.386
,,plate_10,RFP_2_plate_1,A11,3.403
,,plate_10,RFP_2_plate_1,A12,3.732
,,plate_10,RFP_2_plate_1,B1,28.852
,,plate_10,RFP_2_plate_1,B2,221.039
,,plate_10,RFP_2_plate_1,B3,187.191
,,plate_10,RFP_2_plate_1,B4,139.795
,,plate_10,RFP_2_plate_1,B5,152.37
,,plate_10,RFP_2_plate_1,B6,76.69
,,plate_10,RFP_2_plate_1,B7,351.303
,,plate_10,RFP_2_plate_1,B8,300.981
,,plate_10,RFP_2_plate_1,B9,271.479
,,plate_10,RFP_2_plate_1,B10,3.445
,,plate_10,RFP_2_plate_1,B11,2.903
,,plate_10,RFP_2_plate_1,B12,3.249
,,plate_10,RFP_2_plate_1,C1,28.775
,,plate_10,RFP_2_plate_1,C2,224.587
,,plate_10,RFP_2_plate_1,C3,183.232
,,plate_10,RFP_2_plate_1,C4,149.807
,,plate_10,RFP_2_plate_1,C5,174.286
,,plate_10,RFP_2_plate_1,C6,331.594
,,plate_10,RFP_2_plate_1,C7,8.631
,,plate_10,RFP_2_plate_1,C8,292.338
,,plate_10,RFP_2_plate_1,C9,211.516
,,plate_10,RFP_2_plate_1,C10,3.089
,,plate_10,RFP_2_plate_1,C11,3.644
,,plate_10,RFP_2_plate_1,C12,3.42
,,plate_10,RFP_2_plate_1,D1,28.982
,,plate_10,RFP_2_plate_1,D2,275.78
,,plate_10,RFP_2_plate_1,D3,185.135
,,plate_10,RFP_2_plate_1,D4,144.723
,,plate_10,RFP_2_plate_1,D5,127.845
,,plate_10,RFP_2_plate_1,D6,81.767
,,plate_10,RFP_2_plate_1,D7,340.635
,,plate_10,RFP_2_plate_1,D8,288.515
,,plate_10,RFP_2_plate_1,D9,273.472
,,plate_10,RFP_2_plate_1,D10,3.408
,,plate_10,RFP_2_plate_1,D11,2.926
,,plate_10,RFP_2_plate_1,D12,3.684
,,plate_10,RFP_2_plate_1,E1,30.517
,,plate_10,RFP_2_plate_1,E2,254.883
,,plate_10,RFP_2_plate_1,E3,184.338
,,plate_10,RFP_2_plate_1,E4,150.194
,,plate_10,RFP_2_plate_1,E5,127.36
,,plate_10,RFP_2_plate_1,E6,332.211
,,plate_10,RFP_2_plate_1,E7,331.926
,,plate_10,RFP_2_plate_1,E8,278.624
,,plate_10,RFP_2_plate_1,E9,230.373
,,plate_10,RFP_2_plate_1,E10,3.623
,,plate_10,RFP_2_plate_1,E11,3.131
,,plate_10,RFP_2_plate_1,E12,4.078
,,plate_10,RFP_2_plate_1,F1,30.018
,,plate_10,RFP_2_plate_1,F2,398.976
,,plate_10,RFP_2_plate_1,F3,174.736
,,plate_10,RFP_2_plate_1,F4,142.84
,,plate_10,RFP_2_plate_1,F5,122.484
,,plate_10,RFP_2_plate_1,F6,93.327
,,plate_10,RFP_2_plate_1,F7,341.538
,,plate_10,RFP_2_plate_1,F8,284.577
,,plate_10,RFP_2_plate_1,F9,229.843
,,plate_10,RFP_2_plate_1,F10,218.776
,,plate_10,RFP_2_plate_1,F11,3.275
,,plate_10,RFP_2_plate_1,F12,4.024
,,plate_10,RFP_2_plate_1,G1,25.863
,,plate_10,RFP_2_plate_1,G2,540.238
,,plate_10,RFP_2_plate_1,G3,151.61
,,plate_10,RFP_2_plate_1,G4,149.42
,,plate_10,RFP_2_plate_1,G5,125.4
,,plate_10,RFP_2_plate_1,G6,75.36
,,plate_10,RFP_2_plate_1,G7,360.802
,,plate_10,RFP_2_plate_1,G8,292.335
,,plate_10,RFP_2_plate_1,G9,257.553
,,plate_10,RFP_2_plate_1,G10,3.452
,,plate_10,RFP_2_plate_1,G11,3.907
,,plate_10,RFP_2_plate_1,G12,3.78
,,plate_10,RFP_2_plate_1,H1,21.407
,,plate_10,RFP_2_plate_1,H2,548.879
,,plate_10,RFP_2_plate_1,H3,192.643
,,plate_10,RFP_2_plate_1,H4,173.671
,,plate_10,RFP_2_plate_1,H5,132.036
,,plate_10,RFP_2_plate_1,H6,54.625
,,plate_10,RFP_2_plate_1,H7,311.699
,,plate_10,RFP_2_plate_1,H8,5.024
,,plate_10,RFP_2_plate_1,H9,232.963
,,plate_10,RFP_2_plate_1,H10,3.407
,,plate_10,RFP_2_plate_1,H11,3.519
,,plate_10,RFP_2_plate_1,H12,3.395
rfp-Rs5,D3,plate_11,RFP_3_plate_1,A1,25.61
,,plate_11,RFP_3_plate_1,A2,328.328
,,plate_11,RFP_3_plate_1,A3,163.71
,,plate_11,RFP_3_plate_1,A4,166.209
,,plate_11,RFP_3_plate_1,A5,116.234
,,plate_11,RFP_3_plate_1,A6,433.157
,,plate_11,RFP_3_plate_1,A7,387.052
,,plate_11,RFP_3_plate_1,A8,346.795
,,plate_11,RFP_3_plate_1,A9,2.844
,,plate_11,RFP_3_plate_1,A10,327.067
,,plate_11,RFP_3_plate_1,A11,3.222
,,plate_11,RFP_3_plate_1,A12,3.805
,,plate_11,RFP_3_plate_1,B1,27.664
,,plate_11,RFP_3_plate_1,B2,291.363
,,plate_11,RFP_3_plate_1,B3,154.508
,,plate_11,RFP_3_plate_1,B4,145.74
,,plate_11,RFP_3_plate_1,B5,127.937
,,plate_11,RFP_3_plate_1,B6,367.943
,,plate_11,RFP_3_plate_1,B7,357.64
,,plate_11,RFP_3_plate_1,B8,316.451
,,plate_11,RFP_3_plate_1,B9,3.786
,,plate_11,RFP_3_plate_1,B10,3.752
,,plate_11,RFP_3_plate_1,B11,3.068
,,plate_11,RFP_3_plate_1,B12,3.414
,,plate_11,RFP_3_plate_1,C1,24.971
,,plate_11,RFP_3_plate_1,C2,288.751
,,plate_11,RFP_3_plate_1,C3,158.978
,,plate_11,RFP_3_plate_1,C4,145.912
,,plate_11,RFP_3_plate_1,C5,127.909
,,plate_11,RFP_3_plate_1,C6,361.221
,,plate_11,RFP_3_plate_1,C7,355.78
,,plate_11,RFP_3_plate_1,C8,147.729
,,plate_11,RFP_3_plate_1,C9,277.428
,,plate_11,RFP_3_plate_1,C10,3.679
,,plate_11,RFP_3_plate_1,C11,4.025
,,plate_11,RFP_3_plate_1,C12,4.173
,,plate_11,RFP_3_plate_1,D1,26.196
,,plate_11,RFP_3_plate_1,D2,286.618
,,plate_11,RFP_3_plate_1,D3,219.238
,,plate_11,RFP_3_plate_1,D4,141.484
,,plate_11,RFP_3_plate_1,D5,126.635
,,plate_11,RFP_3_plate_1,D6,354.674
,,plate_11,RFP_3_plate_1,D7,357.269
,,plate_11,RFP_3_plate_1,D8,303.681
,,plate_11,RFP_3_plate_1,D9,3.562
,,plate_11,RFP_3_plate_1,D10,3.777
,,plate_11,RFP_3_plate_1,D11,3.531
,,plate_11,RFP_3_plate_1,D12,4.072
,,plate_11,RFP_3_plate_1,E1,28.362
,,plate_11,RFP_3_plate_1,E2,327.447
,,plate_11,RFP_3_plate_1,E3,148.488
,,plate_11,RFP_3_plate_1,E4,142.356
,,plate_11,RFP_3_plate_1,E5,124.336
,,plate_11,RFP_3_plate_1,E6,353.465
,,plate_11,RFP_3_plate_1,E7,352.103
,,plate_11,RFP_3_plate_1,E8,286.209
,,plate_11,RFP_3_plate_1,E9,3.268
,,plate_11,RFP_3_plate_1,E10,3.617
,,plate_11,RFP_3_plate_1,E11,287.409
,,plate_11,RFP_3_plate_1,E12,3.485
,,plate_11,RFP_3_plate_1,F1,28.187
,,plate_11,RFP_3_plate_1,F2,294.375
,,plate_11,RFP_3_plate_1,F3,145.155
,,plate_11,RFP_3_plate_1,F4,138.089
,,plate_11,RFP_3_plate_1,F5,115.183
,,plate_11,RFP_3_plate_1,F6,89.438
,,plate_11,RFP_3_plate_1,F7,358.406
,,plate_11,RFP_3_plate_1,F8,296.739
,,plate_11,RFP_3_plate_1,F9,285.764
,,plate_11,RFP_3_plate_1,F10,3.538
,,plate_11,RFP_3_plate_1,F11,3.292
,,plate_11,RFP_3_plate_1,F12,4.008
,,plate_11,RFP_3_plate_1,G1,23.714
,,plate_11,RFP_3_plate_1,G2,329.382
,,plate_11,RFP_3_plate_1,G3,119.457
,,plate_11,RFP_3_plate_1,G4,145.327
,,plate_11,RFP_3_plate_1,G5,124.439
,,plate_11,RFP_3_plate_1,G6,385.794
,,plate_11,RFP_3_plate_1,G7,412.925
,,plate_11,RFP_3_plate_1,G8,319.986
,,plate_11,RFP_3_plate_1,G9,225.245
,,plate_11,RFP_3_plate_1,G10,304.635
,,plate_11,RFP_3_plate_1,G11,3.037
,,plate_11,RFP_3_plate_1,G12,3.618
,,plate_11,RFP_3_plate_1,H1,20.209
,,plate_11,RFP_3_plate_1,H2,360.043
,,plate_11,RFP_3_plate_1,H3,137.57
,,plate_11,RFP_3_plate_1,H4,151.083
,,plate_11,RFP_3_plate_1,H5,114.492
,,plate_11,RFP_3_plate_1,H6,444.787
,,plate_11,RFP_3_plate_1,H7,344.805
,,plate_11,RFP_3_plate_1,H8,306.889
,,plate_11,RFP_3_plate_1,H9,312.981
,,plate_11,RFP_3_plate_1,H10,3.468
,,plate_11,RFP_3_plate_1,H11,2.974
,,plate_11,RFP_3_plate_1,H12,3.043
C4,A4,plate_12,RFP_1_plate_1_shaking,A1,33.843
,,plate_12,RFP_1_plate_1_shaking,A2,38.145
,,plate_12,RFP_1_plate_1_shaking,A3,7.796
,,plate_12,RFP_1_plate_1_shaking,A4,147.324
,,plate_12,RFP_1_plate_1_shaking,A5,149.329
,,plate_12,RFP_1_plate_1_shaking,A6,16.409
,,plate_12,RFP_1_plate_1_shaking,A7,429.29
,,plate_12,RFP_1_plate_1_shaking,A8,151.911
,,plate_12,RFP_1_plate_1_shaking,A9,3.366
,,plate_12,RFP_1_plate_1_shaking,A10,286.309
,,plate_12,RFP_1_plate_1_shaking,A11,3.943
,,plate_12,RFP_1_plate_1_shaking,A12,3.332
,,plate_12,RFP_1_plate_1_shaking,B1,34.183
,,plate_12,RFP_1_plate_1_shaking,B2,39.412
,,plate_12,RFP_1_plate_1_shaking,B3,10.049
,,plate_12,RFP_1_plate_1_shaking,B4,7.012
,,plate_12,RFP_1_plate_1_shaking,B5,83.795
,,plate_12,RFP_1_plate_1_shaking,B6,262.84
,,plate_12,RFP_1_plate_1_shaking,B7,422.062
,,plate_12,RFP_1_plate_1_shaking,B8,4.745
,,plate_12,RFP_1_plate_1_shaking,B9,347.485
,,plate_12,RFP_1_plate_1_shaking,B10,3.358
,,plate_12,RFP_1_plate_1_shaking,B11,4.201
,,plate_12,RFP_1_plate_1_shaking,B12,3.351
,,plate_12,RFP_1_plate_1_shaking,C1,37.775
,,plate_12,RFP_1_plate_1_shaking,C2,35.273
,,plate_12,RFP_1_plate_1_shaking,C3,8.911
,,plate_12,RFP_1_plate_1_shaking,C4,109.244
,,plate_12,RFP_1_plate_1_shaking,C5,171.839
,,plate_12,RFP_1_plate_1_shaking,C6,236.202
,,plate_12,RFP_1_plate_1_shaking,C7,309.143
,,plate_12,RFP_1_plate_1_shaking,C8,166.668
,,plate_12,RFP_1_plate_1_shaking,C9,262.386
,,plate_12,RFP_1_plate_1_shaking,C10,3.56
,,plate_12,RFP_1_plate_1_shaking,C11,4.461
,,plate_12,RFP_1_plate_1_shaking,C12,4.018
,,plate_12,RFP_1_plate_1_shaking,D1,36.224
,,plate_12,RFP_1_plate_1_shaking,D2,35.356
,,plate_12,RFP_1_plate_1_shaking,D3,7.401
,,plate_12,RFP_1_plate_1_shaking,D4,6.347
,,plate_12,RFP_1_plate_1_shaking,D5,101.195
,,plate_12,RFP_1_plate_1_shaking,D6,272.33
,,plate_12,RFP_1_plate_1_shaking,D7,319.315
,,plate_12,RFP_1_plate_1_shaking,D8,190.74
,,plate_12,RFP_1_plate_1_shaking,D9,4.841
,,plate_12,RFP_1_plate_1_shaking,D10,3.933
,,plate_12,RFP_1_plate_1_shaking,D11,3.71
,,plate_12,RFP_1_plate_1_shaking,D12,4.191
,,plate_12,RFP_1_plate_1_shaking,E1,27.898
,,plate_12,RFP_1_plate_1_shaking,E2,37.673
,,plate_12,RFP_1_plate_1_shaking,E3,7.909
,,plate_12,RFP_1_plate_1_shaking,E4,6.822
,,plate_12,RFP_1_plate_1_shaking,E5,105.921
,,plate_12,RFP_1_plate_1_shaking,E6,11.208
,,plate_12,RFP_1_plate_1_shaking,E7,411.723
,,plate_12,RFP_1_plate_1_shaking,E8,387.058
,,plate_12,RFP_1_plate_1_shaking,E9,3.943
,,plate_12,RFP_1_plate_1_shaking,E10,3.267
,,plate_12,RFP_1_plate_1_shaking,E11,5.642
,,plate_12,RFP_1_plate_1_shaking,E12,4.07
,,plate_12,RFP_1_plate_1_shaking,F1,29.95
,,plate_12,RFP_1_plate_1_shaking,F2,40.998
,,plate_12,RFP_1_plate_1_shaking,F3,6.841
,,plate_12,RFP_1_plate_1_shaking,F4,137.411
,,plate_12,RFP_1_plate_1_shaking,F5,100.496
,,plate_12,RFP_1_plate_1_shaking,F6,352.356
,,plate_12,RFP_1_plate_1_shaking,F7,431.102
,,plate_12,RFP_1_plate_1_shaking,F8,124.695
,,plate_12,RFP_1_plate_1_shaking,F9,3.694
,,plate_12,RFP_1_plate_1_shaking,F10,3.897
,,plate_12,RFP_1_plate_1_shaking,F11,3.982
,,plate_12,RFP_1_plate_1_shaking,F12,3.568
,,plate_12,RFP_1_plate_1_shaking,G1,62.471
,,plate_12,RFP_1_plate_1_shaking,G2,47.204
,,plate_12,RFP_1_plate_1_shaking,G3,7.923
,,plate_12,RFP_1_plate_1_shaking,G4,21.856
,,plate_12,RFP_1_plate_1_shaking,G5,88.371
,,plate_12,RFP_1_plate_1_shaking,G6,238.383
,,plate_12,RFP_1_plate_1_shaking,G7,355.269
,,plate_12,RFP_1_plate_1_shaking,G8,520.567
,,plate_12,RFP_1_plate_1_shaking,G9,3.919
,,plate_12,RFP_1_plate_1_shaking,G10,3.54
,,plate_12,RFP_1_plate_1_shaking,G11,3.393
,,plate_12,RFP_1_plate_1_shaking,G12,3.285
,,plate_12,RFP_1_plate_1_shaking,H1,44.053
,,plate_12,RFP_1_plate_1_shaking,H2,147.281
,,plate_12,RFP_1_plate_1_shaking,H3,7.836
,,plate_12,RFP_1_plate_1_shaking,H4,11.197
,,plate_12,RFP_1_plate_1_shaking,H5,182.83
,,plate_12,RFP_1_plate_1_shaking,H6,439.196
,,plate_12,RFP_1_plate_1_shaking,H7,437.433
,,plate_12,RFP_1_plate_1_shaking,H8,646.598
,,plate_12,RFP_1_plate_1_shaking,H9,2.847
,,plate_12,RFP_1_plate_1_shaking,H10,2.976
,,plate_12,RFP_1_plate_1_shaking,H11,2.944
,,plate_12,RFP_1_plate_1_shaking,H12,2.385
C4,A5,plate_13,RFP_2_plate_1,A1,26.409
,,plate_13,RFP_2_plate_1,A2,37.237
,,plate_13,RFP_2_plate_1,A3,6.981
,,plate_13,RFP_2_plate_1,A4,340.082
,,plate_13,RFP_2_plate_1,A5,234.072
,,plate_13,RFP_2_plate_1,A6,299.24
,,plate_13,RFP_2_plate_1,A7,355.466
,,plate_13,RFP_2_plate_1,A8,199.235
,,plate_13,RFP_2_plate_1,A9,173.62
,,plate_13,RFP_2_plate_1,A10,3.927
,,plate_13,RFP_2_plate_1,A11,3.33
,,plate_13,RFP_2_plate_1,A12,4.281
,,plate_13,RFP_2_plate_1,B1,32.91
,,plate_13,RFP_2_plate_1,B2,52.12
,,plate_13,RFP_2_plate_1,B3,8.811
,,plate_13,RFP_2_plate_1,B4,388.114
,,plate_13,RFP_2_plate_1,B5,129.507
,,plate_13,RFP_2_plate_1,B6,148.541
,,plate_13,RFP_2_plate_1,B7,229.164
,,plate_13,RFP_2_plate_1,B8,146.056
,,plate_13,RFP_2_plate_1,B9,5.211
,,plate_13,RFP_2_plate_1,B10,3.514
,,plate_13,RFP_2_plate_1,B11,3.424
,,plate_13,RFP_2_plate_1,B12,4.189
,,plate_13,RFP_2_plate_1,C1,38.654
,,plate_13,RFP_2_plate_1,C2,53.947
,,plate_13,RFP_2_plate_1,C3,7.631
,,plate_13,RFP_2_plate_1,C4,297.457
,,plate_13,RFP_2_plate_1,C5,106.18
,,plate_13,RFP_2_plate_1,C6,118.312
,,plate_13,RFP_2_plate_1,C7,194.222
,,plate_13,RFP_2_plate_1,C8,338.371
,,plate_13,RFP_2_plate_1,C9,228.524
,,plate_13,RFP_2_plate_1,C10,4.108
,,plate_13,RFP_2_plate_1,C11,3.782
,,plate_13,RFP_2_plate_1,C12,4.606
,,plate_13,RFP_2_plate_1,D1,37.647
,,plate_13,RFP_2_plate_1,D2,58.909
,,plate_13,RFP_2_plate_1,D3,10.238
,,plate_13,RFP_2_plate_1,D4,15.722
,,plate_13,RFP_2_plate_1,D5,160.143
,,plate_13,RFP_2_plate_1,D6,124.648
,,plate_13,RFP_2_plate_1,D7,178.237
,,plate_13,RFP_2_plate_1,D8,318.354
,,plate_13,RFP_2_plate_1,D9,3.995
,,plate_13,RFP_2_plate_1,D10,4.021
,,plate_13,RFP_2_plate_1,D11,4.07
,,plate_13,RFP_2_plate_1,D12,4.627
,,plate_13,RFP_2_plate_1,E1,33.532
,,plate_13,RFP_2_plate_1,E2,50.085
,,plate_13,RFP_2_plate_1,E3,8.171
,,plate_13,RFP_2_plate_1,E4,11.452
,,plate_13,RFP_2_plate_1,E5,165.581
,,plate_13,RFP_2_plate_1,E6,125.443
,,plate_13,RFP_2_plate_1,E7,171.207
,,plate_13,RFP_2_plate_1,E8,336.667
,,plate_13,RFP_2_plate_1,E9,66.72
,,plate_13,RFP_2_plate_1,E10,162.491
,,plate_13,RFP_2_plate_1,E11,4.56
,,plate_13,RFP_2_plate_1,E12,4.171
,,plate_13,RFP_2_plate_1,F1,37.187
,,plate_13,RFP_2_plate_1,F2,46.528
,,plate_13,RFP_2_plate_1,F3,12.997
,,plate_13,RFP_2_plate_1,F4,7.831
,,plate_13,RFP_2_plate_1,F5,257.684
,,plate_13,RFP_2_plate_1,F6,184.926
,,plate_13,RFP_2_plate_1,F7,254.018
,,plate_13,RFP_2_plate_1,F8,303.99
,,plate_13,RFP_2_plate_1,F9,4.849
,,plate_13,RFP_2_plate_1,F10,174.46
,,plate_13,RFP_2_plate_1,F11,4.037
,,plate_13,RFP_2_plate_1,F12,4.821
,,plate_13,RFP_2_plate_1,G1,29.438
,,plate_13,RFP_2_plate_1,G2,43.773
,,plate_13,RFP_2_plate_1,G3,67.092
,,plate_13,RFP_2_plate_1,G4,8.48
,,plate_13,RFP_2_plate_1,G5,245.625
,,plate_13,RFP_2_plate_1,G6,226.036
,,plate_13,RFP_2_plate_1,G7,328.906
,,plate_13,RFP_2_plate_1,G8,367.94
,,plate_13,RFP_2_plate_1,G9,3.875
,,plate_13,RFP_2_plate_1,G10,4.294
,,plate_13,RFP_2_plate_1,G11,4.011
,,plate_13,RFP_2_plate_1,G12,4.41
,,plate_13,RFP_2_plate_1,H1,26.358
,,plate_13,RFP_2_plate_1,H2,35.876
,,plate_13,RFP_2_plate_1,H3,39.264
,,plate_13,RFP_2_plate_1,H4,44.107
,,plate_13,RFP_2_plate_1,H5,285.807
,,plate_13,RFP_2_plate_1,H6,323.609
,,plate_13,RFP_2_plate_1,H7,306.36
,,plate_13,RFP_2_plate_1,H8,560.613
,,plate_13,RFP_2_plate_1,H9,2.862
,,plate_13,RFP_2_plate_1,H10,3.214
,,plate_13,RFP_2_plate_1,H11,3.521
,,plate_13,RFP_2_plate_1,H12,3.979
C4,A6,plate_14,RFP_3_plate_1,A1,32.001
,,plate_14,RFP_3_plate_1,A2,72.937
,,plate_14,RFP_3_plate_1,A3,8.393
,,plate_14,RFP_3_plate_1,A4,388.105
,,plate_14,RFP_3_plate_1,A5,190.317
,,plate_14,RFP_3_plate_1,A6,283.986
,,plate_14,RFP_3_plate_1,A7,187.204
,,plate_14,RFP_3_plate_1,A8,610.931
,,plate_14,RFP_3_plate_1,A9,28.778
,,plate_14,RFP_3_plate_1,A10,2.953
,,plate_14,RFP_3_plate_1,A11,3.435
,,plate_14,RFP_3_plate_1,A12,2.61
,,plate_14,RFP_3_plate_1,B1,25.791
,,plate_14,RFP_3_plate_1,B2,63.318
,,plate_14,RFP_3_plate_1,B3,8.314
,,plate_14,RFP_3_plate_1,B4,424.364
,,plate_14,RFP_3_plate_1,B5,119.913
,,plate_14,RFP_3_plate_1,B6,161.214
,,plate_14,RFP_3_plate_1,B7,193.179
,,plate_14,RFP_3_plate_1,B8,274.303
,,plate_14,RFP_3_plate_1,B9,221.21
,,plate_14,RFP_3_plate_1,B10,3.23
,,plate_14,RFP_3_plate_1,B11,102.683
,,plate_14,RFP_3_plate_1,B12,3.149
,,plate_14,RFP_3_plate_1,C1,33.441
,,plate_14,RFP_3_plate_1,C2,74.52
,,plate_14,RFP_3_plate_1,C3,9.082
,,plate_14,RFP_3_plate_1,C4,216.924
,,plate_14,RFP_3_plate_1,C5,87.671
,,plate_14,RFP_3_plate_1,C6,90.814
,,plate_14,RFP_3_plate_1,C7,203.557
,,plate_14,RFP_3_plate_1,C8,338.03
,,plate_14,RFP_3_plate_1,C9,3.617
,,plate_14,RFP_3_plate_1,C10,3.455
,,plate_14,RFP_3_plate_1,C11,3.067
,,plate_14,RFP_3_plate_1,C12,2.834
,,plate_14,RFP_3_plate_1,D1,39.447
,,plate_14,RFP_3_plate_1,D2,58.664
,,plate_14,RFP_3_plate_1,D3,11.329
,,plate_14,RFP_3_plate_1,D4,195.914
,,plate_14,RFP_3_plate_1,D5,60.493
,,plate_14,RFP_3_plate_1,D6,90.543
,,plate_14,RFP_3_plate_1,D7,177.087
,,plate_14,RFP_3_plate_1,D8,163.774
,,plate_14,RFP_3_plate_1,D9,540.679
,,plate_14,RFP_3_plate_1,D10,3.506
,,plate_14,RFP_3_plate_1,D11,3.227
,,plate_14,RFP_3_plate_1,D12,3.01
,,plate_14,RFP_3_plate_1,E1,39.514
,,plate_14,RFP_3_plate_1,E2,50.879
,,plate_14,RFP_3_plate_1,E3,7.698
,,plate_14,RFP_3_plate_1,E4,238.763
,,plate_14,RFP_3_plate_1,E5,92.025
,,plate_14,RFP_3_plate_1,E6,107.33
,,plate_14,RFP_3_plate_1,E7,220.564
,,plate_14,RFP_3_plate_1,E8,454.954
,,plate_14,RFP_3_plate_1,E9,234.967
,,plate_14,RFP_3_plate_1,E10,3.752
,,plate_14,RFP_3_plate_1,E11,3.389
,,plate_14,RFP_3_plate_1,E12,3.563
,,plate_14,RFP_3_plate_1,F1,38.042
,,plate_14,RFP_3_plate_1,F2,62.859
,,plate_14,RFP_3_plate_1,F3,8.532
,,plate_14,RFP_3_plate_1,F4,325.819
,,plate_14,RFP_3_plate_1,F5,114.361
,,plate_14,RFP_3_plate_1,F6,156.138
,,plate_14,RFP_3_plate_1,F7,233.893
,,plate_14,RFP_3_plate_1,F8,458.336
,,plate_14,RFP_3_plate_1,F9,177.315
,,plate_14,RFP_3_plate_1,F10,3.474
,,plate_14,RFP_3_plate_1,F11,3.56
,,plate_14,RFP_3_plate_1,F12,3.047
,,plate_14,RFP_3_plate_1,G1,28.502
,,plate_14,RFP_3_plate_1,G2,64.904
,,plate_14,RFP_3_plate_1,G3,9.171
,,plate_14,RFP_3_plate_1,G4,367.674
,,plate_14,RFP_3_plate_1,G5,136.225
,,plate_14,RFP_3_plate_1,G6,168.713
,,plate_14,RFP_3_plate_1,G7,243.791
,,plate_14,RFP_3_plate_1,G8,411.484
,,plate_14,RFP_3_plate_1,G9,3.509
,,plate_14,RFP_3_plate_1,G10,3.607
,,plate_14,RFP_3_plate_1,G11,3.17
,,plate_14,RFP_3_plate_1,G12,3.068
,,plate_14,RFP_3_plate_1,H1,37.522
,,plate_14,RFP_3_plate_1,H2,45.452
,,plate_14,RFP_3_plate_1,H3,8.389
,,plate_14,RFP_3_plate_1,H4,542.953
,,plate_14,RFP_3_plate_1,H5,344.625
,,plate_14,RFP_3_plate_1,H6,149.714
,,plate_14,RFP_3_plate_1,H7,360.78
,,plate_14,RFP_3_plate_1,H8,409.525
,,plate_14,RFP_3_plate_1,H9,4.8
,,plate_14,RFP_3_plate_1,H10,2.981
,,plate_14,RFP_3_plate_1,H11,2.965
,,plate_14,RFP_3_plate_1,H12,3.311
C5,B4,plate_15,RFP_1_plate_1_shaking,A1,21.41
,,plate_15,RFP_1_plate_1_shaking,A2,26.89
,,plate_15,RFP_1_plate_1_shaking,A3,9.779
,,plate_15,RFP_1_plate_1_shaking,A4,14.344
,,plate_15,RFP_1_plate_1_shaking,A5,174.859
,,plate_15,RFP_1_plate_1_shaking,A6,14.782
,,plate_15,RFP_1_plate_1_shaking,A7,137.742
,,plate_15,RFP_1_plate_1_shaking,A8,3.14
,,plate_15,RFP_1_plate_1_shaking,A9,72.142
,,plate_15,RFP_1_plate_1_shaking,A10,3.444
,,plate_15,RFP_1_plate_1_shaking,A11,3.626
,,plate_15,RFP_1_plate_1_shaking,A12,3.977
,,plate_15,RFP_1_plate_1_shaking,B1,27.349
,,plate_15,RFP_1_plate_1_shaking,B2,22.629
,,plate_15,RFP_1_plate_1_shaking,B3,7.869
,,plate_15,RFP_1_plate_1_shaking,B4,51.265
,,plate_15,RFP_1_plate_1_shaking,B5,67.29
,,plate_15,RFP_1_plate_1_shaking,B6,66.973
,,plate_15,RFP_1_plate_1_shaking,B7,53.051
,,plate_15,RFP_1_plate_1_shaking,B8,4.405
,,plate_15,RFP_1_plate_1_shaking,B9,3.36
,,plate_15,RFP_1_plate_1_shaking,B10,3.387
,,plate_15,RFP_1_plate_1_shaking,B11,3.461
,,plate_15,RFP_1_plate_1_shaking,B12,3.912
,,plate_15,RFP_1_plate_1_shaking,C1,27.41
,,plate_15,RFP_1_plate_1_shaking,C2,23.244
,,plate_15,RFP_1_plate_1_shaking,C3,9.313
,,plate_15,RFP_1_plate_1_shaking,C4,103.578
,,plate_15,RFP_1_plate_1_shaking,C5,129.981
,,plate_15,RFP_1_plate_1_shaking,C6,74.196
,,plate_15,RFP_1_plate_1_shaking,C7,100.91
,,plate_15,RFP_1_plate_1_shaking,C8,75.75
,,plate_15,RFP_1_plate_1_shaking,C9,3.745
,,plate_15,RFP_1_plate_1_shaking,C10,3.581
,,plate_15,RFP_1_plate_1_shaking,C11,3.093
,,plate_15,RFP_1_plate_1_shaking,C12,4.027
,,plate_15,RFP_1_plate_1_shaking,D1,27.791
,,plate_15,RFP_1_plate_1_shaking,D2,28.967
,,plate_15,RFP_1_plate_1_shaking,D3,7.646
,,plate_15,RFP_1_plate_1_shaking,D4,63.279
,,plate_15,RFP_1_plate_1_shaking,D5,19.626
,,plate_15,RFP_1_plate_1_shaking,D6,48.047
,,plate_15,RFP_1_plate_1_shaking,D7,96.847
,,plate_15,RFP_1_plate_1_shaking,D8,141.649
,,plate_15,RFP_1_plate_1_shaking,D9,3.765
,,plate_15,RFP_1_plate_1_shaking,D10,3.399
,,plate_15,RFP_1_plate_1_shaking,D11,3.364
,,plate_15,RFP_1_plate_1_shaking,D12,3.928
,,plate_15,RFP_1_plate_1_shaking,E1,27.843
,,plate_15,RFP_1_plate_1_shaking,E2,17.133
,,plate_15,RFP_1_plate_1_shaking,E3,9.338
,,plate_15,RFP_1_plate_1_shaking,E4,115.453
,,plate_15,RFP_1_plate_1_shaking,E5,121.01
,,plate_15,RFP_1_plate_1_shaking,E6,76.641
,,plate_15,RFP_1_plate_1_shaking,E7,85.361
,,plate_15,RFP_1_plate_1_shaking,E8,132.945
,,plate_15,RFP_1_plate_1_shaking,E9,2.95
,,plate_15,RFP_1_plate_1_shaking,E10,3.289
,,plate_15,RFP_1_plate_1_shaking,E11,3.57
,,plate_15,RFP_1_plate_1_shaking,E12,3.636
,,plate_15,RFP_1_plate_1_shaking,F1,18.196
,,plate_15,RFP_1_plate_1_shaking,F2,19.983
,,plate_15,RFP_1_plate_1_shaking,F3,8.798
,,plate_15,RFP_1_plate_1_shaking,F4,131.532
,,plate_15,RFP_1_plate_1_shaking,F5,127.514
,,plate_15,RFP_1_plate_1_shaking,F6,81.447
,,plate_15,RFP_1_plate_1_shaking,F7,48.609
,,plate_15,RFP_1_plate_1_shaking,F8,146.346
,,plate_15,RFP_1_plate_1_shaking,F9,3.57
,,plate_15,RFP_1_plate_1_shaking,F10,3.362
,,plate_15,RFP_1_plate_1_shaking,F11,3.512
,,plate_15,RFP_1_plate_1_shaking,F12,3.607
,,plate_15,RFP_1_plate_1_shaking,G1,23.172
,,plate_15,RFP_1_plate_1_shaking,G2,28.736
,,plate_15,RFP_1_plate_1_shaking,G3,8.938
,,plate_15,RFP_1_plate_1_shaking,G4,113.163
,,plate_15,RFP_1_plate_1_shaking,G5,123.499
,,plate_15,RFP_1_plate_1_shaking,G6,103.028
,,plate_15,RFP_1_plate_1_shaking,G7,125.862
,,plate_15,RFP_1_plate_1_shaking,G8,143.817
,,plate_15,RFP_1_plate_1_shaking,G9,8.659
,,plate_15,RFP_1_plate_1_shaking,G10,3.612
,,plate_15,RFP_1_plate_1_shaking,G11,3.116
,,plate_15,RFP_1_plate_1_shaking,G12,3.611
,,plate_15,RFP_1_plate_1_shaking,H1,19.13
,,plate_15,RFP_1_plate_1_shaking,H2,37.498
,,plate_15,RFP_1_plate_1_shaking,H3,9.054
,,plate_15,RFP_1_plate_1_shaking,H4,97.756
,,plate_15,RFP_1_plate_1_shaking,H5,89.235
,,plate_15,RFP_1_plate_1_shaking,H6,127.344
,,plate_15,RFP_1_plate_1_shaking,H7,251.627
,,plate_15,RFP_1_plate_1_shaking,H8,405.728
,,plate_15,RFP_1_plate_1_shaking,H9,3.077
,,plate_15,RFP_1_plate_1_shaking,H10,3.089
,,plate_15,RFP_1_plate_1_shaking,H11,3.327
,,plate_15,RFP_1_plate_1_shaking,H12,3.307
C5,B5,plate_16,RFP_2_plate_1,A1,25.096
,,plate_16,RFP_2_plate_1,A2,78.956
,,plate_16,RFP_2_plate_1,A3,15.626
,,plate_16,RFP_2_plate_1,A4,7.725
,,plate_16,RFP_2_plate_1,A5,225.411
,,plate_16,RFP_2_plate_1,A6,325.228
,,plate_16,RFP_2_plate_1,A7,465.002
,,plate_16,RFP_2_plate_1,A8,479.029
,,plate_16,RFP_2_plate_1,A9,3.331
,,plate_16,RFP_2_plate_1,A10,3.467
,,plate_16,RFP_2_plate_1,A11,3.813
,,plate_16,RFP_2_plate_1,A12,3.615
,,plate_16,RFP_2_plate_1,B1,27.168
,,plate_16,RFP_2_plate_1,B2,46.738
,,plate_16,RFP_2_plate_1,B3,7.79
,,plate_16,RFP_2_plate_1,B4,203.117
,,plate_16,RFP_2_plate_1,B5,112.523
,,plate_16,RFP_2_plate_1,B6,130.438
,,plate_16,RFP_2_plate_1,B7,197.446
,,plate_16,RFP_2_plate_1,B8,4.211
,,plate_16,RFP_2_plate_1,B9,3.07
,,plate_16,RFP_2_plate_1,B10,3.366
,,plate_16,RFP_2_plate_1,B11,3.924
,,plate_16,RFP_2_plate_1,B12,3.702
,,plate_16,RFP_2_plate_1,C1,27.146
,,plate_16,RFP_2_plate_1,C2,18.343
,,plate_16,RFP_2_plate_1,C3,10.824
,,plate_16,RFP_2_plate_1,C4,8.974
,,plate_16,RFP_2_plate_1,C5,188.578
,,plate_16,RFP_2_plate_1,C6,144.532
,,plate_16,RFP_2_plate_1,C7,221.134
,,plate_16,RFP_2_plate_1,C8,287.281
,,plate_16,RFP_2_plate_1,C9,63.787
,,plate_16,RFP_2_plate_1,C10,3.281
,,plate_16,RFP_2_plate_1,C11,3.291
,,plate_16,RFP_2_plate_1,C12,3.237
,,plate_16,RFP_2_plate_1,D1,25.199
,,plate_16,RFP_2_plate_1,D2,17.168
,,plate_16,RFP_2_plate_1,D3,8.39
,,plate_16,RFP_2_plate_1,D4,231.958
,,plate_16,RFP_2_plate_1,D5,141.424
,,plate_16,RFP_2_plate_1,D6,142.438
,,plate_16,RFP_2_plate_1,D7,211.027
,,plate_16,RFP_2_plate_1,D8,294.449
,,plate_16,RFP_2_plate_1,D9,3.457
,,plate_16,RFP_2_plate_1,D10,4.361
,,plate_16,RFP_2_plate_1,D11,3.44
,,plate_16,RFP_2_plate_1,D12,3.548
,,plate_16,RFP_2_plate_1,E1,27.356
,,plate_16,RFP_2_plate_1,E2,17.093
,,plate_16,RFP_2_plate_1,E3,7.669
,,plate_16,RFP_2_plate_1,E4,308.737
,,plate_16,RFP_2_plate_1,E5,181.276
,,plate_16,RFP_2_plate_1,E6,197.305
,,plate_16,RFP_2_plate_1,E7,227.502
,,plate_16,RFP_2_plate_1,E8,320.595
,,plate_16,RFP_2_plate_1,E9,102.556
,,plate_16,RFP_2_plate_1,E10,4.07
,,plate_16,RFP_2_plate_1,E11,3.422
,,plate_16,RFP_2_plate_1,E12,3.505
,,plate_16,RFP_2_plate_1,F1,24.415
,,plate_16,RFP_2_plate_1,F2,18.136
,,plate_16,RFP_2_plate_1,F3,9.202
,,plate_16,RFP_2_plate_1,F4,321.683
,,plate_16,RFP_2_plate_1,F5,203.557
,,plate_16,RFP_2_plate_1,F6,200.083
,,plate_16,RFP_2_plate_1,F7,238.282
,,plate_16,RFP_2_plate_1,F8,331.93
,,plate_16,RFP_2_plate_1,F9,3.539
,,plate_16,RFP_2_plate_1,F10,3.266
,,plate_16,RFP_2_plate_1,F11,3.767
,,plate_16,RFP_2_plate_1,F12,3.756
,,plate_16,RFP_2_plate_1,G1,15.758
,,plate_16,RFP_2_plate_1,G2,14.159
,,plate_16,RFP_2_plate_1,G3,9.032
,,plate_16,RFP_2_plate_1,G4,295.049
,,plate_16,RFP_2_plate_1,G5,246.913
,,plate_16,RFP_2_plate_1,G6,249.367
,,plate_16,RFP_2_plate_1,G7,316.107
,,plate_16,RFP_2_plate_1,G8,95.669
,,plate_16,RFP_2_plate_1,G9,218.916
,,plate_16,RFP_2_plate_1,G10,3.853
,,plate_16,RFP_2_plate_1,G11,3.766
,,plate_16,RFP_2_plate_1,G12,3.879
,,plate_16,RFP_2_plate_1,H1,15.985
,,plate_16,RFP_2_plate_1,H2,27.826
,,plate_16,RFP_2_plate_1,H3,8.649
,,plate_16,RFP_2_plate_1,H4,416.824
,,plate_16,RFP_2_plate_1,H5,288.042
,,plate_16,RFP_2_plate_1,H6,29.994
,,plate_16,RFP_2_plate_1,H7,529.086
,,plate_16,RFP_2_plate_1,H8,126.848
,,plate_16,RFP_2_plate_1,H9,3.264
,,plate_16,RFP_2_plate_1,H10,3.68
,,plate_16,RFP_2_plate_1,H11,3.215
,,plate_16,RFP_2_plate_1,H12,3.643
C5,B6,plate_17,RFP_3_plate_1,A1,22.557
,,plate_17,RFP_3_plate_1,A2,30.934
,,plate_17,RFP_3_plate_1,A3,6.6
,,plate_17,RFP_3_plate_1,A4,395.251
,,plate_17,RFP_3_plate_1,A5,227.841
,,plate_17,RFP_3_plate_1,A6,311.026
,,plate_17,RFP_3_plate_1,A7,421.244
,,plate_17,RFP_3_plate_1,A8,2.447
,,plate_17,RFP_3_plate_1,A9,646.06
,,plate_17,RFP_3_plate_1,A10,3.034
,,plate_17,RFP_3_plate_1,A11,3.316
,,plate_17,RFP_3_plate_1,A12,3.927
,,plate_17,RFP_3_plate_1,B1,20.886
,,plate_17,RFP_3_plate_1,B2,24.685
,,plate_17,RFP_3_plate_1,B3,7.086
,,plate_17,RFP_3_plate_1,B4,256.348
,,plate_17,RFP_3_plate_1,B5,139.405
,,plate_17,RFP_3_plate_1,B6,158.354
,,plate_17,RFP_3_plate_1,B7,203.676
,,plate_17,RFP_3_plate_1,B8,355.053
,,plate_17,RFP_3_plate_1,B9,2.865
,,plate_17,RFP_3_plate_1,B10,3.48
,,plate_17,RFP_3_plate_1,B11,2.719
,,plate_17,RFP_3_plate_1,B12,2.724
,,plate_17,RFP_3_plate_1,C1,19.124
,,plate_17,RFP_3_plate_1,C2,28.731
,,plate_17,RFP_3_plate_1,C3,7.131
,,plate_17,RFP_3_plate_1,C4,203.692
,,plate_17,RFP_3_plate_1,C5,117.231
,,plate_17,RFP_3_plate_1,C6,130.151
,,plate_17,RFP_3_plate_1,C7,189.742
,,plate_17,RFP_3_plate_1,C8,302.097
,,plate_17,RFP_3_plate_1,C9,3.073
,,plate_17,RFP_3_plate_1,C10,3.046
,,plate_17,RFP_3_plate_1,C11,3.149
,,plate_17,RFP_3_plate_1,C12,2.705
,,plate_17,RFP_3_plate_1,D1,24.622
,,plate_17,RFP_3_plate_1,D2,32.329
,,plate_17,RFP_3_plate_1,D3,7.199
,,plate_17,RFP_3_plate_1,D4,244.405
,,plate_17,RFP_3_plate_1,D5,127.06
,,plate_17,RFP_3_plate_1,D6,137.061
,,plate_17,RFP_3_plate_1,D7,211.107
,,plate_17,RFP_3_plate_1,D8,167.335
,,plate_17,RFP_3_plate_1,D9,3.015
,,plate_17,RFP_3_plate_1,D10,2.852
,,plate_17,RFP_3_plate_1,D11,3.303
,,plate_17,RFP_3_plate_1,D12,3.145
,,plate_17,RFP_3_plate_1,E1,21.936
,,plate_17,RFP_3_plate_1,E2,32.115
,,plate_17,RFP_3_plate_1,E3,7.742
,,plate_17,RFP_3_plate_1,E4,229.804
,,plate_17,RFP_3_plate_1,E5,125.516
,,plate_17,RFP_3_plate_1,E6,152.182
,,plate_17,RFP_3_plate_1,E7,214.337
,,plate_17,RFP_3_plate_1,E8,4.08
,,plate_17,RFP_3_plate_1,E9,2.588
,,plate_17,RFP_3_plate_1,E10,2.82
,,plate_17,RFP_3_plate_1,E11,3.662
,,plate_17,RFP_3_plate_1,E12,2.733
,,plate_17,RFP_3_plate_1,F1,23.39
,,plate_17,RFP_3_plate_1,F2,40.005
,,plate_17,RFP_3_plate_1,F3,8.795
,,plate_17,RFP_3_plate_1,F4,253.97
,,plate_17,RFP_3_plate_1,F5,149.293
,,plate_17,RFP_3_plate_1,F6,191.548
,,plate_17,RFP_3_plate_1,F7,271.979
,,plate_17,RFP_3_plate_1,F8,322.512
,,plate_17,RFP_3_plate_1,F9,2.953
,,plate_17,RFP_3_plate_1,F10,3.154
,,plate_17,RFP_3_plate_1,F11,2.842
,,plate_17,RFP_3_plate_1,F12,3.182
,,plate_17,RFP_3_plate_1,G1,25.344
,,plate_17,RFP_3_plate_1,G2,36.253
,,plate_17,RFP_3_plate_1,G3,7.759
,,plate_17,RFP_3_plate_1,G4,316.172
,,plate_17,RFP_3_plate_1,G5,151.641
,,plate_17,RFP_3_plate_1,G6,175.909
,,plate_17,RFP_3_plate_1,G7,223.135
,,plate_17,RFP_3_plate_1,G8,310.538
,,plate_17,RFP_3_plate_1,G9,3.279
,,plate_17,RFP_3_plate_1,G10,3.327
,,plate_17,RFP_3_plate_1,G11,3.013
,,plate_17,RFP_3_plate_1,G12,3.537
,,plate_17,RFP_3_plate_1,H1,25.981
,,plate_17,RFP_3_plate_1,H2,36.41
,,plate_17,RFP_3_plate_1,H3,7.596
,,plate_17,RFP_3_plate_1,H4,351.852
,,plate_17,RFP_3_plate_1,H5,160.726
,,plate_17,RFP_3_plate_1,H6,194.66
,,plate_17,RFP_3_plate_1,H7,292.158
,,plate_17,RFP_3_plate_1,H8,187.75
,,plate_17,RFP_3_plate_1,H9,184.314
,,plate_17,RFP_3_plate_1,H10,3.075
,,plate_17,RFP_3_plate_1,H11,3.035
,,plate_17,RFP_3_plate_1,H12,2.803
C6,C4,plate_18,RFP_1_plate_1_shaking,A1,24.733
,,plate_18,RFP_1_plate_1_shaking,A2,19.719
,,plate_18,RFP_1_plate_1_shaking,A3,10.77
,,plate_18,RFP_1_plate_1_shaking,A4,10.151
,,plate_18,RFP_1_plate_1_shaking,A5,9.49
,,plate_18,RFP_1_plate_1_shaking,A6,9.067
,,plate_18,RFP_1_plate_1_shaking,A7,8.048
,,plate_18,RFP_1_plate_1_shaking,A8,7.845
,,plate_18,RFP_1_plate_1_shaking,A9,6.878
,,plate_18,RFP_1_plate_1_shaking,A10,3.366
,,plate_18,RFP_1_plate_1_shaking,A11,2.984
,,plate_18,RFP_1_plate_1_shaking,A12,3.422
,,plate_18,RFP_1_plate_1_shaking,B1,26.829
,,plate_18,RFP_1_plate_1_shaking,B2,19.941
,,plate_18,RFP_1_plate_1_shaking,B3,12.664
,,plate_18,RFP_1_plate_1_shaking,B4,9.6
,,plate_18,RFP_1_plate_1_shaking,B5,8.867
,,plate_18,RFP_1_plate_1_shaking,B6,8.003
,,plate_18,RFP_1_plate_1_shaking,B7,7.72
,,plate_18,RFP_1_plate_1_shaking,B8,7.739
,,plate_18,RFP_1_plate_1_shaking,B9,3.205
,,plate_18,RFP_1_plate_1_shaking,B10,3.54
,,plate_18,RFP_1_plate_1_shaking,B11,3.003
,,plate_18,RFP_1_plate_1_shaking,B12,3.632
,,plate_18,RFP_1_plate_1_shaking,C1,24.287
,,plate_18,RFP_1_plate_1_shaking,C2,14.982
,,plate_18,RFP_1_plate_1_shaking,C3,9.752
,,plate_18,RFP_1_plate_1_shaking,C4,9.189
,,plate_18,RFP_1_plate_1_shaking,C5,9.363
,,plate_18,RFP_1_plate_1_shaking,C6,8.581
,,plate_18,RFP_1_plate_1_shaking,C7,7.375
,,plate_18,RFP_1_plate_1_shaking,C8,7.264
,,plate_18,RFP_1_plate_1_shaking,C9,3.726
,,plate_18,RFP_1_plate_1_shaking,C10,3.633
,,plate_18,RFP_1_plate_1_shaking,C11,3.559
,,plate_18,RFP_1_plate_1_shaking,C12,3.562
,,plate_18,RFP_1_plate_1_shaking,D1,24.011
,,plate_18,RFP_1_plate_1_shaking,D2,20.362
,,plate_18,RFP_1_plate_1_shaking,D3,11.389
,,plate_18,RFP_1_plate_1_shaking,D4,10.457
,,plate_18,RFP_1_plate_1_shaking,D5,8.916
,,plate_18,RFP_1_plate_1_shaking,D6,7.653
,,plate_18,RFP_1_plate_1_shaking,D7,7.574
,,plate_18,RFP_1_plate_1_shaking,D8,7.333
,,plate_18,RFP_1_plate_1_shaking,D9,14.338
,,plate_18,RFP_1_plate_1_shaking,D10,3.555
,,plate_18,RFP_1_plate_1_shaking,D11,3.223
,,plate_18,RFP_1_plate_1_shaking,D12,3.914
,,plate_18,RFP_1_plate_1_shaking,E1,26.039
,,plate_18,RFP_1_plate_1_shaking,E2,16.335
,,plate_18,RFP_1_plate_1_shaking,E3,11.104
,,plate_18,RFP_1_plate_1_shaking,E4,9.36
,,plate_18,RFP_1_plate_1_shaking,E5,9.111
,,plate_18,RFP_1_plate_1_shaking,E6,7.68
,,plate_18,RFP_1_plate_1_shaking,E7,7.051
,,plate_18,RFP_1_plate_1_shaking,E8,7.715
,,plate_18,RFP_1_plate_1_shaking,E9,3.747
,,plate_18,RFP_1_plate_1_shaking,E10,3.533
,,plate_18,RFP_1_plate_1_shaking,E11,3.318
,,plate_18,RFP_1_plate_1_shaking,E12,3.917
,,plate_18,RFP_1_plate_1_shaking,F1,23.535
,,plate_18,RFP_1_plate_1_shaking,F2,20.398
,,plate_18,RFP_1_plate_1_shaking,F3,13.632
,,plate_18,RFP_1_plate_1_shaking,F4,8.629
,,plate_18,RFP_1_plate_1_shaking,F5,8.416
,,plate_18,RFP_1_plate_1_shaking,F6,7.946
,,plate_18,RFP_1_plate_1_shaking,F7,7.818
,,plate_18,RFP_1_plate_1_shaking,F8,6.936
,,plate_18,RFP_1_plate_1_shaking,F9,8.055
,,plate_18,RFP_1_plate_1_shaking,F10,3.509
,,plate_18,RFP_1_plate_1_shaking,F11,3.694
,,plate_18,RFP_1_plate_1_shaking,F12,3.917
,,plate_18,RFP_1_plate_1_shaking,G1,25.13
,,plate_18,RFP_1_plate_1_shaking,G2,27.111
,,plate_18,RFP_1_plate_1_shaking,G3,13.844
,,plate_18,RFP_1_plate_1_shaking,G4,8.836
,,plate_18,RFP_1_plate_1_shaking,G5,9.04
,,plate_18,RFP_1_plate_1_shaking,G6,8.277
,,plate_18,RFP_1_plate_1_shaking,G7,7.877
,,plate_18,RFP_1_plate_1_shaking,G8,7.001
,,plate_18,RFP_1_plate_1_shaking,G9,8.785
,,plate_18,RFP_1_plate_1_shaking,G10,4.09
,,plate_18,RFP_1_plate_1_shaking,G11,3.787
,,plate_18,RFP_1_plate_1_shaking,G12,4.125
,,plate_18,RFP_1_plate_1_shaking,H1,21.531
,,plate_18,RFP_1_plate_1_shaking,H2,27.274
,,plate_18,RFP_1_plate_1_shaking,H3,15.4
,,plate_18,RFP_1_plate_1_shaking,H4,8.121
,,plate_18,RFP_1_plate_1_shaking,H5,9.471
,,plate_18,RFP_1_plate_1_shaking,H6,8.089
,,plate_18,RFP_1_plate_1_shaking,H7,7.488
,,plate_18,RFP_1_plate_1_shaking,H8,7.605
,,plate_18,RFP_1_plate_1_shaking,H9,3.69
,,plate_18,RFP_1_plate_1_shaking,H10,3.537
,,plate_18,RFP_1_plate_1_shaking,H11,3.039
,,plate_18,RFP_1_plate_1_shaking,H12,4.05
C6,C5,plate_19,RFP_2_plate_1,A1,25.862
,,plate_19,RFP_2_plate_1,A2,23.545
,,plate_19,RFP_2_plate_1,A3,12.509
,,plate_19,RFP_2_plate_1,A4,10.248
,,plate_19,RFP_2_plate_1,A5,10.009
,,plate_19,RFP_2_plate_1,A6,8.78
,,plate_19,RFP_2_plate_1,A7,7.886
,,plate_19,RFP_2_plate_1,A8,7.775
,,plate_19,RFP_2_plate_1,A9,7.485
,,plate_19,RFP_2_plate_1,A10,3.418
,,plate_19,RFP_2_plate_1,A11,3.093
,,plate_19,RFP_2_plate_1,A12,3.421
,,plate_19,RFP_2_plate_1,B1,27.01
,,plate_19,RFP_2_plate_1,B2,25.37
,,plate_19,RFP_2_plate_1,B3,13.047
,,plate_19,RFP_2_plate_1,B4,8.8
,,plate_19,RFP_2_plate_1,B5,8.229
,,plate_19,RFP_2_plate_1,B6,8.915
,,plate_19,RFP_2_plate_1,B7,6.967
,,plate_19,RFP_2_plate_1,B8,7.835
,,plate_19,RFP_2_plate_1,B9,6.615
,,plate_19,RFP_2_plate_1,B10,3.927
,,plate_19,RFP_2_plate_1,B11,3.267
,,plate_19,RFP_2_plate_1,B12,3.288
,,plate_19,RFP_2_plate_1,C1,27.385
,,plate_19,RFP_2_plate_1,C2,21.663
,,plate_19,RFP_2_plate_1,C3,13.666
,,plate_19,RFP_2_plate_1,C4,8.948
,,plate_19,RFP_2_plate_1,C5,8.986
,,plate_19,RFP_2_plate_1,C6,8.043
,,plate_19,RFP_2_plate_1,C7,8.185
,,plate_19,RFP_2_plate_1,C8,7.339
,,plate_19,RFP_2_plate_1,C9,3.458
,,plate_19,RFP_2_plate_1,C10,3.488
,,plate_19,RFP_2_plate_1,C11,3.113
,,plate_19,RFP_2_plate_1,C12,4.046
,,plate_19,RFP_2_plate_1,D1,28.159
,,plate_19,RFP_2_plate_1,D2,17.375
,,plate_19,RFP_2_plate_1,D3,12.292
,,plate_19,RFP_2_plate_1,D4,9.484
,,plate_19,RFP_2_plate_1,D5,8.592
,,plate_19,RFP_2_plate_1,D6,8.505
,,plate_19,RFP_2_plate_1,D7,7.52
,,plate_19,RFP_2_plate_1,D8,3.682
,,plate_19,RFP_2_plate_1,D9,6.893
,,plate_19,RFP_2_plate_1,D10,2.924
,,plate_19,RFP_2_plate_1,D11,3.887
,,plate_19,RFP_2_plate_1,D12,3.925
,,plate_19,RFP_2_plate_1,E1,28.476
,,plate_19,RFP_2_plate_1,E2,27.041
,,plate_19,RFP_2_plate_1,E3,15.644
,,plate_19,RFP_2_plate_1,E4,8.419
,,plate_19,RFP_2_plate_1,E5,9.75
,,plate_19,RFP_2_plate_1,E6,8.491
,,plate_19,RFP_2_plate_1,E7,7.556
,,plate_19,RFP_2_plate_1,E8,7.048
,,plate_19,RFP_2_plate_1,E9,6.856
,,plate_19,RFP_2_plate_1,E10,4.021
,,plate_19,RFP_2_plate_1,E11,3.82
,,plate_19,RFP_2_plate_1,E12,3.999
,,plate_19,RFP_2_plate_1,F1,26.116
,,plate_19,RFP_2_plate_1,F2,18.135
,,plate_19,RFP_2_plate_1,F3,13.882
,,plate_19,RFP_2_plate_1,F4,9.177
,,plate_19,RFP_2_plate_1,F5,9.601
,,plate_19,RFP_2_plate_1,F6,8.78
,,plate_19,RFP_2_plate_1,F7,8.258
,,plate_19,RFP_2_plate_1,F8,3.674
,,plate_19,RFP_2_plate_1,F9,7.066
,,plate_19,RFP_2_plate_1,F10,3.425
,,plate_19,RFP_2_plate_1,F11,3.458
,,plate_19,RFP_2_plate_1,F12,3.617
,,plate_19,RFP_2_plate_1,G1,26.387
,,plate_19,RFP_2_plate_1,G2,21.293
,,plate_19,RFP_2_plate_1,G3,15.258
,,plate_19,RFP_2_plate_1,G4,8.535
,,plate_19,RFP_2_plate_1,G5,9.014
,,plate_19,RFP_2_plate_1,G6,7.984
,,plate_19,RFP_2_plate_1,G7,7.58
,,plate_19,RFP_2_plate_1,G8,6.944
,,plate_19,RFP_2_plate_1,G9,7.923
,,plate_19,RFP_2_plate_1,G10,3.046
,,plate_19,RFP_2_plate_1,G11,3.744
,,plate_19,RFP_2_plate_1,G12,3.828
,,plate_19,RFP_2_plate_1,H1,22.463
,,plate_19,RFP_2_plate_1,H2,28.89
,,plate_19,RFP_2_plate_1,H3,16.617
,,plate_19,RFP_2_plate_1,H4,10.201
,,plate_19,RFP_2_plate_1,H5,9.893
,,plate_19,RFP_2_plate_1,H6,8.976
,,plate_19,RFP_2_plate_1,H7,7.243
,,plate_19,RFP_2_plate_1,H8,7.419
,,plate_19,RFP_2_plate_1,H9,6.935
,,plate_19,RFP_2_plate_1,H10,3.783
,,plate_19,RFP_2_plate_1,H11,3.497
,,plate_19,RFP_2_plate_1,H12,3.503
C6,C6,plate_20,RFP_3_plate_1,A1,27.133
,,plate_20,RFP_3_plate_1,A2,22.694
,,plate_20,RFP_3_plate_1,A3,13.853
,,plate_20,RFP_3_plate_1,A4,11.334
,,plate_20,RFP_3_plate_1,A5,11.795
,,plate_20,RFP_3_plate_1,A6,11.348
,,plate_20,RFP_3_plate_1,A7,9.206
,,plate_20,RFP_3_plate_1,A8,9.321
,,plate_20,RFP_3_plate_1,A9,3.538
,,plate_20,RFP_3_plate_1,A10,3.349
,,plate_20,RFP_3_plate_1,A11,3.508
,,plate_20,RFP_3_plate_1,A12,3.65
,,plate_20,RFP_3_plate_1,B1,28.534
,,plate_20,RFP_3_plate_1,B2,26.824
,,plate_20,RFP_3_plate_1,B3,12.726
,,plate_20,RFP_3_plate_1,B4,9.259
,,plate_20,RFP_3_plate_1,B5,9.19
,,plate_20,RFP_3_plate_1,B6,9.324
,,plate_20,RFP_3_plate_1,B7,7.584
,,plate_20,RFP_3_plate_1,B8,8.669
,,plate_20,RFP_3_plate_1,B9,3.135
,,plate_20,RFP_3_plate_1,B10,3.346
,,plate_20,RFP_3_plate_1,B11,3.468
,,plate_20,RFP_3_plate_1,B12,4.377
,,plate_20,RFP_3_plate_1,C1,28.516
,,plate_20,RFP_3_plate_1,C2,16.921
,,plate_20,RFP_3_plate_1,C3,13.587
,,plate_20,RFP_3_plate_1,C4,9.998
,,plate_20,RFP_3_plate_1,C5,10.79
,,plate_20,RFP_3_plate_1,C6,9.445
,,plate_20,RFP_3_plate_1,C7,7.301
,,plate_20,RFP_3_plate_1,C8,8.814
,,plate_20,RFP_3_plate_1,C9,10.56
,,plate_20,RFP_3_plate_1,C10,4.037
,,plate_20,RFP_3_plate_1,C11,3.296
,,plate_20,RFP_3_plate_1,C12,3.844
,,plate_20,RFP_3_plate_1,D1,23.843
,,plate_20,RFP_3_plate_1,D2,18.37
,,plate_20,RFP_3_plate_1,D3,15.671
,,plate_20,RFP_3_plate_1,D4,11.172
,,plate_20,RFP_3_plate_1,D5,9.939
,,plate_20,RFP_3_plate_1,D6,9.395
,,plate_20,RFP_3_plate_1,D7,7.792
,,plate_20,RFP_3_plate_1,D8,8.225
,,plate_20,RFP_3_plate_1,D9,6.349
,,plate_20,RFP_3_plate_1,D10,3.323
,,plate_20,RFP_3_plate_1,D11,3.293
,,plate_20,RFP_3_plate_1,D12,3.264
,,plate_20,RFP_3_plate_1,E1,25.204
,,plate_20,RFP_3_plate_1,E2,18.226
,,plate_20,RFP_3_plate_1,E3,13.101
,,plate_20,RFP_3_plate_1,E4,10.805
,,plate_20,RFP_3_plate_1,E5,11.283
,,plate_20,RFP_3_plate_1,E6,9.362
,,plate_20,RFP_3_plate_1,E7,7.593
,,plate_20,RFP_3_plate_1,E8,9.026
,,plate_20,RFP_3_plate_1,E9,6.733
,,plate_20,RFP_3_plate_1,E10,3.538
,,plate_20,RFP_3_plate_1,E11,3.416
,,plate_20,RFP_3_plate_1,E12,3.714
,,plate_20,RFP_3_plate_1,F1,27.904
,,plate_20,RFP_3_plate_1,F2,21.595
,,plate_20,RFP_3_plate_1,F3,13.975
,,plate_20,RFP_3_plate_1,F4,10.559
,,plate_20,RFP_3_plate_1,F5,9.67
,,plate_20,RFP_3_plate_1,F6,9.575
,,plate_20,RFP_3_plate_1,F7,8.386
,,plate_20,RFP_3_plate_1,F8,8.152
,,plate_20,RFP_3_plate_1,F9,7.155
,,plate_20,RFP_3_plate_1,F10,3.443
,,plate_20,RFP_3_plate_1,F11,3.373
,,plate_20,RFP_3_plate_1,F12,3.368
,,plate_20,RFP_3_plate_1,G1,25.631
,,plate_20,RFP_3_plate_1,G2,26.66
,,plate_20,RFP_3_plate_1,G3,12.903
,,plate_20,RFP_3_plate_1,G4,10.612
,,plate_20,RFP_3_plate_1,G5,11.79
,,plate_20,RFP_3_plate_1,G6,9.722
,,plate_20,RFP_3_plate_1,G7,7.146
,,plate_20,RFP_3_plate_1,G8,8.473
,,plate_20,RFP_3_plate_1,G9,3.496
,,plate_20,RFP_3_plate_1,G10,3.547
,,plate_20,RFP_3_plate_1,G11,3.734
,,plate_20,RFP_3_plate_1,G12,3.796
,,plate_20,RFP_3_plate_1,H1,23.304
,,plate_20,RFP_3_plate_1,H2,21.802
,,plate_20,RFP_3_plate_1,H3,13.997
,,plate_20,RFP_3_plate_1,H4,11.93
,,plate_20,RFP_3_plate_1,H5,11.557
,,plate_20,RFP_3_plate_1,H6,9.421
,,plate_20,RFP_3_plate_1,H7,8.407
,,plate_20,RFP_3_plate_1,H8,9.284
,,plate_20,RFP_3_plate_1,H9,7.611
,,plate_20,RFP_3_plate_1,H10,3.455
,,plate_20,RFP_3_plate_1,H11,3.504
,,plate_20,RFP_3_plate_1,H12,3.38
rfp-Rs5,D4,plate_21,RFP_1_plate_1_shaking,A1,20.867
,,plate_21,RFP_1_plate_1_shaking,A2,672.539
,,plate_21,RFP_1_plate_1_shaking,A3,314.312
,,plate_21,RFP_1_plate_1_shaking,A4,347.849
,,plate_21,RFP_1_plate_1_shaking,A5,304.321
,,plate_21,RFP_1_plate_1_shaking,A6,350.483
,,plate_21,RFP_1_plate_1_shaking,A7,313.293
,,plate_21,RFP_1_plate_1_shaking,A8,241.119
,,plate_21,RFP_1_plate_1_shaking,A9,223.213
,,plate_21,RFP_1_plate_1_shaking,A10,3.379
,,plate_21,RFP_1_plate_1_shaking,A11,3.245
,,plate_21,RFP_1_plate_1_shaking,A12,3.781
,,plate_21,RFP_1_plate_1_shaking,B1,29.317
,,plate_21,RFP_1_plate_1_shaking,B2,624.609
,,plate_21,RFP_1_plate_1_shaking,B3,293.439
,,plate_21,RFP_1_plate_1_shaking,B4,322.887
,,plate_21,RFP_1_plate_1_shaking,B5,277.93
,,plate_21,RFP_1_plate_1_shaking,B6,336.362
,,plate_21,RFP_1_plate_1_shaking,B7,272.538
,,plate_21,RFP_1_plate_1_shaking,B8,212.721
,,plate_21,RFP_1_plate_1_shaking,B9,3.482
,,plate_21,RFP_1_plate_1_shaking,B10,3.641
,,plate_21,RFP_1_plate_1_shaking,B11,2.978
,,plate_21,RFP_1_plate_1_shaking,B12,3.529
,,plate_21,RFP_1_plate_1_shaking,C1,26.409
,,plate_21,RFP_1_plate_1_shaking,C2,494.517
,,plate_21,RFP_1_plate_1_shaking,C3,296.613
,,plate_21,RFP_1_plate_1_shaking,C4,320.721
,,plate_21,RFP_1_plate_1_shaking,C5,274.394
,,plate_21,RFP_1_plate_1_shaking,C6,338.535
,,plate_21,RFP_1_plate_1_shaking,C7,265.62
,,plate_21,RFP_1_plate_1_shaking,C8,222.565
,,plate_21,RFP_1_plate_1_shaking,C9,3.233
,,plate_21,RFP_1_plate_1_shaking,C10,3.269
,,plate_21,RFP_1_plate_1_shaking,C11,148.09
,,plate_21,RFP_1_plate_1_shaking,C12,3.966
,,plate_21,RFP_1_plate_1_shaking,D1,27.854
,,plate_21,RFP_1_plate_1_shaking,D2,538.056
,,plate_21,RFP_1_plate_1_shaking,D3,276.05
,,plate_21,RFP_1_plate_1_shaking,D4,310.166
,,plate_21,RFP_1_plate_1_shaking,D5,275.843
,,plate_21,RFP_1_plate_1_shaking,D6,323.853
,,plate_21,RFP_1_plate_1_shaking,D7,273.405
,,plate_21,RFP_1_plate_1_shaking,D8,183.796
,,plate_21,RFP_1_plate_1_shaking,D9,3.509
,,plate_21,RFP_1_plate_1_shaking,D10,3.168
,,plate_21,RFP_1_plate_1_shaking,D11,3.318
,,plate_21,RFP_1_plate_1_shaking,D12,4.147
,,plate_21,RFP_1_plate_1_shaking,E1,29.427
,,plate_21,RFP_1_plate_1_shaking,E2,476.937
,,plate_21,RFP_1_plate_1_shaking,E3,293.739
,,plate_21,RFP_1_plate_1_shaking,E4,313.482
,,plate_21,RFP_1_plate_1_shaking,E5,272.06
,,plate_21,RFP_1_plate_1_shaking,E6,292.936
,,plate_21,RFP_1_plate_1_shaking,E7,278.508
,,plate_21,RFP_1_plate_1_shaking,E8,200.851
,,plate_21,RFP_1_plate_1_shaking,E9,3.542
,,plate_21,RFP_1_plate_1_shaking,E10,3.617
,,plate_21,RFP_1_plate_1_shaking,E11,3.437
,,plate_21,RFP_1_plate_1_shaking,E12,3.351
,,plate_21,RFP_1_plate_1_shaking,F1,27.687
,,plate_21,RFP_1_plate_1_shaking,F2,508.968
,,plate_21,RFP_1_plate_1_shaking,F3,303.82
,,plate_21,RFP_1_plate_1_shaking,F4,311.075
,,plate_21,RFP_1_plate_1_shaking,F5,257.104
,,plate_21,RFP_1_plate_1_shaking,F6,319.631
,,plate_21,RFP_1_plate_1_shaking,F7,280.039
,,plate_21,RFP_1_plate_1_shaking,F8,250.9
,,plate_21,RFP_1_plate_1_shaking,F9,184.336
,,plate_21,RFP_1_plate_1_shaking,F10,3.542
,,plate_21,RFP_1_plate_1_shaking,F11,3.706
,,plate_21,RFP_1_plate_1_shaking,F12,3.473
,,plate_21,RFP_1_plate_1_shaking,G1,28.476
,,plate_21,RFP_1_plate_1_shaking,G2,395.083
,,plate_21,RFP_1_plate_1_shaking,G3,295.869
,,plate_21,RFP_1_plate_1_shaking,G4,319.03
,,plate_21,RFP_1_plate_1_shaking,G5,256.991
,,plate_21,RFP_1_plate_1_shaking,G6,309.489
,,plate_21,RFP_1_plate_1_shaking,G7,273.361
,,plate_21,RFP_1_plate_1_shaking,G8,241.352
,,plate_21,RFP_1_plate_1_shaking,G9,3.154
,,plate_21,RFP_1_plate_1_shaking,G10,3.686
,,plate_21,RFP_1_plate_1_shaking,G11,3.192
,,plate_21,RFP_1_plate_1_shaking,G12,3.389
,,plate_21,RFP_1_plate_1_shaking,H1,17.764
,,plate_21,RFP_1_plate_1_shaking,H2,637.711
,,plate_21,RFP_1_plate_1_shaking,H3,323.945
,,plate_21,RFP_1_plate_1_shaking,H4,263.29
,,plate_21,RFP_1_plate_1_shaking,H5,261.39
,,plate_21,RFP_1_plate_1_shaking,H6,307.093
,,plate_21,RFP_1_plate_1_shaking,H7,288.856
,,plate_21,RFP_1_plate_1_shaking,H8,233.342
,,plate_21,RFP_1_plate_1_shaking,H9,251.499
,,plate_21,RFP_1_plate_1_shaking,H10,3.13
,,plate_21,RFP_1_plate_1_shaking,H11,3.186
,,plate_21,RFP_1_plate_1_shaking,H12,3.271
rfp-Rs5,D5,plate_22,RFP_2_plate_1,A1,21.267
,,plate_22,RFP_2_plate_1,A2,573.831
,,plate_22,RFP_2_plate_1,A3,346.977
,,plate_22,RFP_2_plate_1,A4,343.622
,,plate_22,RFP_2_plate_1,A5,306.65
,,plate_22,RFP_2_plate_1,A6,314.821
,,plate_22,RFP_2_plate_1,A7,264.563
,,plate_22,RFP_2_plate_1,A8,233.898
,,plate_22,RFP_2_plate_1,A9,180.87
,,plate_22,RFP_2_plate_1,A10,3.703
,,plate_22,RFP_2_plate_1,A11,3.648
,,plate_22,RFP_2_plate_1,A12,3.872
,,plate_22,RFP_2_plate_1,B1,19.858
,,plate_22,RFP_2_plate_1,B2,473.151
,,plate_22,RFP_2_plate_1,B3,291.088
,,plate_22,RFP_2_plate_1,B4,297.1
,,plate_22,RFP_2_plate_1,B5,280.788
,,plate_22,RFP_2_plate_1,B6,306.716
,,plate_22,RFP_2_plate_1,B7,297.92
,,plate_22,RFP_2_plate_1,B8,257.886
,,plate_22,RFP_2_plate_1,B9,136.88
,,plate_22,RFP_2_plate_1,B10,3.129
,,plate_22,RFP_2_plate_1,B11,3.393
,,plate_22,RFP_2_plate_1,B12,3.572
,,plate_22,RFP_2_plate_1,C1,30.659
,,plate_22,RFP_2_plate_1,C2,453.71
,,plate_22,RFP_2_plate_1,C3,284.881
,,plate_22,RFP_2_plate_1,C4,294.506
,,plate_22,RFP_2_plate_1,C5,287.233
,,plate_22,RFP_2_plate_1,C6,313.831
,,plate_22,RFP_2_plate_1,C7,321.457
,,plate_22,RFP_2_plate_1,C8,280.814
,,plate_22,RFP_2_plate_1,C9,3.52
,,plate_22,RFP_2_plate_1,C10,3.218
,,plate_22,RFP_2_plate_1,C11,3.378
,,plate_22,RFP_2_plate_1,C12,4.141
,,plate_22,RFP_2_plate_1,D1,27.261
,,plate_22,RFP_2_plate_1,D2,459.058
,,plate_22,RFP_2_plate_1,D3,234.342
,,plate_22,RFP_2_plate_1,D4,202.257
,,plate_22,RFP_2_plate_1,D5,295.014
,,plate_22,RFP_2_plate_1,D6,319.849
,,plate_22,RFP_2_plate_1,D7,317.65
,,plate_22,RFP_2_plate_1,D8,269.836
,,plate_22,RFP_2_plate_1,D9,3.74
,,plate_22,RFP_2_plate_1,D10,3.783
,,plate_22,RFP_2_plate_1,D11,3.533
,,plate_22,RFP_2_plate_1,D12,4.097
,,plate_22,RFP_2_plate_1,E1,29.784
,,plate_22,RFP_2_plate_1,E2,446.679
,,plate_22,RFP_2_plate_1,E3,265.431
,,plate_22,RFP_2_plate_1,E4,285.431
,,plate_22,RFP_2_plate_1,E5,296.542
,,plate_22,RFP_2_plate_1,E6,321.447
,,plate_22,RFP_2_plate_1,E7,303.958
,,plate_22,RFP_2_plate_1,E8,285.602
,,plate_22,RFP_2_plate_1,E9,3.593
,,plate_22,RFP_2_plate_1,E10,3.659
,,plate_22,RFP_2_plate_1,E11,4.061
,,plate_22,RFP_2_plate_1,E12,17.588
,,plate_22,RFP_2_plate_1,F1,28.983
,,plate_22,RFP_2_plate_1,F2,507.637
,,plate_22,RFP_2_plate_1,F3,249.021
,,plate_22,RFP_2_plate_1,F4,296.633
,,plate_22,RFP_2_plate_1,F5,286.105
,,plate_22,RFP_2_plate_1,F6,320.759
,,plate_22,RFP_2_plate_1,F7,327.948
,,plate_22,RFP_2_plate_1,F8,249.778
,,plate_22,RFP_2_plate_1,F9,233.35
,,plate_22,RFP_2_plate_1,F10,3.575
,,plate_22,RFP_2_plate_1,F11,3.287
,,plate_22,RFP_2_plate_1,F12,3.404
,,plate_22,RFP_2_plate_1,G1,26.538
,,plate_22,RFP_2_plate_1,G2,402.142
,,plate_22,RFP_2_plate_1,G3,266.211
,,plate_22,RFP_2_plate_1,G4,308.248
,,plate_22,RFP_2_plate_1,G5,293.915
,,plate_22,RFP_2_plate_1,G6,317.896
,,plate_22,RFP_2_plate_1,G7,311.659
,,plate_22,RFP_2_plate_1,G8,256.827
,,plate_22,RFP_2_plate_1,G9,259.039
,,plate_22,RFP_2_plate_1,G10,3.525
,,plate_22,RFP_2_plate_1,G11,3.478
,,plate_22,RFP_2_plate_1,G12,3.695
,,plate_22,RFP_2_plate_1,H1,22.084
,,plate_22,RFP_2_plate_1,H2,476.657
,,plate_22,RFP_2_plate_1,H3,288.032
,,plate_22,RFP_2_plate_1,H4,332.721
,,plate_22,RFP_2_plate_1,H5,290.32
,,plate_22,RFP_2_plate_1,H6,308.082
,,plate_22,RFP_2_plate_1,H7,250.688
,,plate_22,RFP_2_plate_1,H8,285.368
,,plate_22,RFP_2_plate_1,H9,3.263
,,plate_22,RFP_2_plate_1,H10,3.249
,,plate_22,RFP_2_plate_1,H11,3.996
,,plate_22,RFP_2_plate_1,H12,3.328
rfp-Rs5,D6,plate_23,RFP_3_plate_1,A1,23.989
,,plate_23,RFP_3_plate_1,A2,554.359
,,plate_23,RFP_3_plate_1,A3,316.893
,,plate_23,RFP_3_plate_1,A4,293.921
,,plate_23,RFP_3_plate_1,A5,334.894
,,plate_23,RFP_3_plate_1,A6,375.688
,,plate_23,RFP_3_plate_1,A7,329.726
,,plate_23,RFP_3_plate_1,A8,323.681
,,plate_23,RFP_3_plate_1,A9,93.107
,,plate_23,RFP_3_plate_1,A10,3.57
,,plate_23,RFP_3_plate_1,A11,3.293
,,plate_23,RFP_3_plate_1,A12,3.41
,,plate_23,RFP_3_plate_1,B1,29.39
,,plate_23,RFP_3_plate_1,B2,101.51
,,plate_23,RFP_3_plate_1,B3,281.107
,,plate_23,RFP_3_plate_1,B4,189.627
,,plate_23,RFP_3_plate_1,B5,307.747
,,plate_23,RFP_3_plate_1,B6,353.345
,,plate_23,RFP_3_plate_1,B7,313.217
,,plate_23,RFP_3_plate_1,B8,304.234
,,plate_23,RFP_3_plate_1,B9,300.364
,,plate_23,RFP_3_plate_1,B10,3.856
,,plate_23,RFP_3_plate_1,B11,3.678
,,plate_23,RFP_3_plate_1,B12,3.891
,,plate_23,RFP_3_plate_1,C1,29.539
,,plate_23,RFP_3_plate_1,C2,461.028
,,plate_23,RFP_3_plate_1,C3,273.719
,,plate_23,RFP_3_plate_1,C4,280.825
,,plate_23,RFP_3_plate_1,C5,333.73
,,plate_23,RFP_3_plate_1,C6,356.246
,,plate_23,RFP_3_plate_1,C7,344.596
,,plate_23,RFP_3_plate_1,C8,305.291
,,plate_23,RFP_3_plate_1,C9,3.999
,,plate_23,RFP_3_plate_1,C10,4.118
,,plate_23,RFP_3_plate_1,C11,3.21
,,plate_23,RFP_3_plate_1,C12,4.023
,,plate_23,RFP_3_plate_1,D1,28.361
,,plate_23,RFP_3_plate_1,D2,516.219
,,plate_23,RFP_3_plate_1,D3,273.541
,,plate_23,RFP_3_plate_1,D4,284.536
,,plate_23,RFP_3_plate_1,D5,368.341
,,plate_23,RFP_3_plate_1,D6,353.39
,,plate_23,RFP_3_plate_1,D7,341.999
,,plate_23,RFP_3_plate_1,D8,292.439
,,plate_23,RFP_3_plate_1,D9,3.811
,,plate_23,RFP_3_plate_1,D10,4.46
,,plate_23,RFP_3_plate_1,D11,4.129
,,plate_23,RFP_3_plate_1,D12,3.418
,,plate_23,RFP_3_plate_1,E1,30.249
,,plate_23,RFP_3_plate_1,E2,555.495
,,plate_23,RFP_3_plate_1,E3,279.704
,,plate_23,RFP_3_plate_1,E4,286.122
,,plate_23,RFP_3_plate_1,E5,330.451
,,plate_23,RFP_3_plate_1,E6,361.432
,,plate_23,RFP_3_plate_1,E7,356.8
,,plate_23,RFP_3_plate_1,E8,309.428
,,plate_23,RFP_3_plate_1,E9,263.804
,,plate_23,RFP_3_plate_1,E10,5.364
,,plate_23,RFP_3_plate_1,E11,4.724
,,plate_23,RFP_3_plate_1,E12,3.942
,,plate_23,RFP_3_plate_1,F1,30.417
,,plate_23,RFP_3_plate_1,F2,494.589
,,plate_23,RFP_3_plate_1,F3,272.851
,,plate_23,RFP_3_plate_1,F4,283.768
,,plate_23,RFP_3_plate_1,F5,336.806
,,plate_23,RFP_3_plate_1,F6,362.009
,,plate_23,RFP_3_plate_1,F7,359.247
,,plate_23,RFP_3_plate_1,F8,307.733
,,plate_23,RFP_3_plate_1,F9,280.002
,,plate_23,RFP_3_plate_1,F10,4.072
,,plate_23,RFP_3_plate_1,F11,3.155
,,plate_23,RFP_3_plate_1,F12,4.164
,,plate_23,RFP_3_plate_1,G1,29.242
,,plate_23,RFP_3_plate_1,G2,533.825
,,plate_23,RFP_3_plate_1,G3,278.36
,,plate_23,RFP_3_plate_1,G4,293.759
,,plate_23,RFP_3_plate_1,G5,350.384
,,plate_23,RFP_3_plate_1,G6,369.184
,,plate_23,RFP_3_plate_1,G7,378.176
,,plate_23,RFP_3_plate_1,G8,296.189
,,plate_23,RFP_3_plate_1,G9,193.829
,,plate_23,RFP_3_plate_1,G10,3.806
,,plate_23,RFP_3_plate_1,G11,3.8
,,plate_23,RFP_3_plate_1,G12,3.678
,,plate_23,RFP_3_plate_1,H1,21.021
,,plate_23,RFP_3_plate_1,H2,341.404
,,plate_23,RFP_3_plate_1,H3,244.194
,,plate_23,RFP_3_plate_1,H4,303.926
,,plate_23,RFP_3_plate_1,H5,353.113
,,plate_23,RFP_3_plate_1,H6,406.37
,,plate_23,RFP_3_plate_1,H7,390.146
,,plate_23,RFP_3_plate_1,H8,347.294
,,plate_23,RFP_3_plate_1,H9,313.866
,,plate_23,RFP_3_plate_1,H10,3.671
,,plate_23,RFP_3_plate_1,H11,3.616
,,plate_23,RFP_3_plate_1,H12,3.746
