plate_unique,plate_id,plate_well,rfu
plate_0,RFP_1_plate_1,A1,15.762
plate_0,RFP_1_plate_1,A2,12.59
plate_0,RFP_1_plate_1,A3,4.075
plate_0,RFP_1_plate_1,A4,3.343
plate_0,RFP_1_plate_1,A5,3.136
plate_0,RFP_1_plate_1,A6,3.251
plate_0,RFP_1_plate_1,A7,3.141
plate_0,RFP_1_plate_1,A8,3.4
plate_0,RFP_1_plate_1,A9,2.773
plate_0,RFP_1_plate_1,A10,3.352
plate_0,RFP_1_plate_1,A11,2.701
plate_0,RFP_1_plate_1,A12,3.583
plate_0,RFP_1_plate_1,B1,14.326
plate_0,RFP_1_plate_1,B2,9.552
plate_0,RFP_1_plate_1,B3,3.984
plate_0,RFP_1_plate_1,B4,3.092
plate_0,RFP_1_plate_1,B5,2.745
plate_0,RFP_1_plate_1,B6,2.857
plate_0,RFP_1_plate_1,B7,2.767
plate_0,RFP_1_plate_1,B8,2.883
plate_0,RFP_1_plate_1,B9,3.433
plate_0,RFP_1_plate_1,B10,3.03
plate_0,RFP_1_plate_1,B11,3.066
plate_0,RFP_1_plate_1,B12,3.076
plate_0,RFP_1_plate_1,C1,14.826
plate_0,RFP_1_plate_1,C2,12.238
plate_0,RFP_1_plate_1,C3,3.771
plate_0,RFP_1_plate_1,C4,2.891
plate_0,RFP_1_plate_1,C5,3.063
plate_0,RFP_1_plate_1,C6,3.439
plate_0,RFP_1_plate_1,C7,2.789
plate_0,RFP_1_plate_1,C8,2.825
plate_0,RFP_1_plate_1,C9,3.217
plate_0,RFP_1_plate_1,C10,3.17
plate_0,RFP_1_plate_1,C11,2.298
plate_0,RFP_1_plate_1,C12,3.459
plate_0,RFP_1_plate_1,D1,15.933
plate_0,RFP_1_plate_1,D2,8.876
plate_0,RFP_1_plate_1,D3,3.522
plate_0,RFP_1_plate_1,D4,2.785
plate_0,RFP_1_plate_1,D5,3.052
plate_0,RFP_1_plate_1,D6,3.474
plate_0,RFP_1_plate_1,D7,3.044
plate_0,RFP_1_plate_1,D8,3.021
plate_0,RFP_1_plate_1,D9,3.772
plate_0,RFP_1_plate_1,D10,2.962
plate_0,RFP_1_plate_1,D11,3.057
plate_0,RFP_1_plate_1,D12,3.839
plate_0,RFP_1_plate_1,E1,16.48
plate_0,RFP_1_plate_1,E2,10.153
plate_0,RFP_1_plate_1,E3,4.291
plate_0,RFP_1_plate_1,E4,3.85
plate_0,RFP_1_plate_1,E5,2.63
plate_0,RFP_1_plate_1,E6,3.214
plate_0,RFP_1_plate_1,E7,3.276
plate_0,RFP_1_plate_1,E8,3.163
plate_0,RFP_1_plate_1,E9,3.246
plate_0,RFP_1_plate_1,E10,2.904
plate_0,RFP_1_plate_1,E11,2.84
plate_0,RFP_1_plate_1,E12,2.968
plate_0,RFP_1_plate_1,F1,15.769
plate_0,RFP_1_plate_1,F2,9.756
plate_0,RFP_1_plate_1,F3,3.151
plate_0,RFP_1_plate_1,F4,2.825
plate_0,RFP_1_plate_1,F5,3.242
plate_0,RFP_1_plate_1,F6,2.947
plate_0,RFP_1_plate_1,F7,2.737
plate_0,RFP_1_plate_1,F8,2.865
plate_0,RFP_1_plate_1,F9,3.338
plate_0,RFP_1_plate_1,F10,3.139
plate_0,RFP_1_plate_1,F11,3.213
plate_0,RFP_1_plate_1,F12,3.867
plate_0,RFP_1_plate_1,G1,16.149
plate_0,RFP_1_plate_1,G2,7.95
plate_0,RFP_1_plate_1,G3,3.652
plate_0,RFP_1_plate_1,G4,3.006
plate_0,RFP_1_plate_1,G5,3.174
plate_0,RFP_1_plate_1,G6,3.168
plate_0,RFP_1_plate_1,G7,2.9
plate_0,RFP_1_plate_1,G8,3.337
plate_0,RFP_1_plate_1,G9,2.872
plate_0,RFP_1_plate_1,G10,3.569
plate_0,RFP_1_plate_1,G11,2.688
plate_0,RFP_1_plate_1,G12,3.401
plate_0,RFP_1_plate_1,H1,18.038
plate_0,RFP_1_plate_1,H2,13.065
plate_0,RFP_1_plate_1,H3,4.493
plate_0,RFP_1_plate_1,H4,3.337
plate_0,RFP_1_plate_1,H5,3.174
plate_0,RFP_1_plate_1,H6,3.783
plate_0,RFP_1_plate_1,H7,3.094
plate_0,RFP_1_plate_1,H8,2.792
plate_0,RFP_1_plate_1,H9,3.458
plate_0,RFP_1_plate_1,H10,3.04
plate_0,RFP_1_plate_1,H11,3.184
plate_0,RFP_1_plate_1,H12,3.336
plate_1,RFP_2_plate_1_shaking,A1,16.292
plate_1,RFP_2_plate_1_shaking,A2,8.106
plate_1,RFP_2_plate_1_shaking,A3,3.614
plate_1,RFP_2_plate_1_shaking,A4,3.401
plate_1,RFP_2_plate_1_shaking,A5,3.75
plate_1,RFP_2_plate_1_shaking,A6,3.518
plate_1,RFP_2_plate_1_shaking,A7,3.41
plate_1,RFP_2_plate_1_shaking,A8,3.46
plate_1,RFP_2_plate_1_shaking,A9,3.105
plate_1,RFP_2_plate_1_shaking,A10,3.211
plate_1,RFP_2_plate_1_shaking,A11,3.333
plate_1,RFP_2_plate_1_shaking,A12,3.621
plate_1,RFP_2_plate_1_shaking,B1,12.281
plate_1,RFP_2_plate_1_shaking,B2,6.153
plate_1,RFP_2_plate_1_shaking,B3,3.575
plate_1,RFP_2_plate_1_shaking,B4,2.927
plate_1,RFP_2_plate_1_shaking,B5,2.824
plate_1,RFP_2_plate_1_shaking,B6,2.947
plate_1,RFP_2_plate_1_shaking,B7,3.056
plate_1,RFP_2_plate_1_shaking,B8,3.476
plate_1,RFP_2_plate_1_shaking,B9,3.202
plate_1,RFP_2_plate_1_shaking,B10,3.677
plate_1,RFP_2_plate_1_shaking,B11,2.743
plate_1,RFP_2_plate_1_shaking,B12,4.031
plate_1,RFP_2_plate_1_shaking,C1,13.896
plate_1,RFP_2_plate_1_shaking,C2,5.566
plate_1,RFP_2_plate_1_shaking,C3,3.025
plate_1,RFP_2_plate_1_shaking,C4,3.076
plate_1,RFP_2_plate_1_shaking,C5,3.419
plate_1,RFP_2_plate_1_shaking,C6,3.197
plate_1,RFP_2_plate_1_shaking,C7,2.885
plate_1,RFP_2_plate_1_shaking,C8,2.981
plate_1,RFP_2_plate_1_shaking,C9,3.281
plate_1,RFP_2_plate_1_shaking,C10,3.128
plate_1,RFP_2_plate_1_shaking,C11,2.574
plate_1,RFP_2_plate_1_shaking,C12,3.978
plate_1,RFP_2_plate_1_shaking,D1,14.221
plate_1,RFP_2_plate_1_shaking,D2,9.302
plate_1,RFP_2_plate_1_shaking,D3,3.271
plate_1,RFP_2_plate_1_shaking,D4,2.984
plate_1,RFP_2_plate_1_shaking,D5,3.251
plate_1,RFP_2_plate_1_shaking,D6,3.119
plate_1,RFP_2_plate_1_shaking,D7,3.463
plate_1,RFP_2_plate_1_shaking,D8,3.023
plate_1,RFP_2_plate_1_shaking,D9,3.266
plate_1,RFP_2_plate_1_shaking,D10,3.206
plate_1,RFP_2_plate_1_shaking,D11,3.113
plate_1,RFP_2_plate_1_shaking,D12,3.804
plate_1,RFP_2_plate_1_shaking,E1,15.515
plate_1,RFP_2_plate_1_shaking,E2,7.862
plate_1,RFP_2_plate_1_shaking,E3,3.663
plate_1,RFP_2_plate_1_shaking,E4,2.904
plate_1,RFP_2_plate_1_shaking,E5,3.286
plate_1,RFP_2_plate_1_shaking,E6,3.111
plate_1,RFP_2_plate_1_shaking,E7,3.551
plate_1,RFP_2_plate_1_shaking,E8,3.589
plate_1,RFP_2_plate_1_shaking,E9,3.009
plate_1,RFP_2_plate_1_shaking,E10,2.671
plate_1,RFP_2_plate_1_shaking,E11,2.964
plate_1,RFP_2_plate_1_shaking,E12,4.418
plate_1,RFP_2_plate_1_shaking,F1,18.316
plate_1,RFP_2_plate_1_shaking,F2,8.909
plate_1,RFP_2_plate_1_shaking,F3,3.562
plate_1,RFP_2_plate_1_shaking,F4,3.333
plate_1,RFP_2_plate_1_shaking,F5,2.984
plate_1,RFP_2_plate_1_shaking,F6,3.106
plate_1,RFP_2_plate_1_shaking,F7,3.462
plate_1,RFP_2_plate_1_shaking,F8,3.218
plate_1,RFP_2_plate_1_shaking,F9,2.969
plate_1,RFP_2_plate_1_shaking,F10,2.789
plate_1,RFP_2_plate_1_shaking,F11,2.675
plate_1,RFP_2_plate_1_shaking,F12,4.286
plate_1,RFP_2_plate_1_shaking,G1,18.655
plate_1,RFP_2_plate_1_shaking,G2,7.37
plate_1,RFP_2_plate_1_shaking,G3,2.813
plate_1,RFP_2_plate_1_shaking,G4,2.75
plate_1,RFP_2_plate_1_shaking,G5,3.335
plate_1,RFP_2_plate_1_shaking,G6,3.417
plate_1,RFP_2_plate_1_shaking,G7,2.456
plate_1,RFP_2_plate_1_shaking,G8,2.737
plate_1,RFP_2_plate_1_shaking,G9,3.234
plate_1,RFP_2_plate_1_shaking,G10,3.307
plate_1,RFP_2_plate_1_shaking,G11,3.136
plate_1,RFP_2_plate_1_shaking,G12,4.436
plate_1,RFP_2_plate_1_shaking,H1,16.513
plate_1,RFP_2_plate_1_shaking,H2,6.456
plate_1,RFP_2_plate_1_shaking,H3,3.446
plate_1,RFP_2_plate_1_shaking,H4,3.524
plate_1,RFP_2_plate_1_shaking,H5,2.99
plate_1,RFP_2_plate_1_shaking,H6,3.023
plate_1,RFP_2_plate_1_shaking,H7,2.819
plate_1,RFP_2_plate_1_shaking,H8,3.388
plate_1,RFP_2_plate_1_shaking,H9,2.965
plate_1,RFP_2_plate_1_shaking,H10,3.129
plate_1,RFP_2_plate_1_shaking,H11,3.215
plate_1,RFP_2_plate_1_shaking,H12,4.102
plate_2,RFP_3_plate_1,A1,16.498
plate_2,RFP_3_plate_1,A2,8.607
plate_2,RFP_3_plate_1,A3,3.298
plate_2,RFP_3_plate_1,A4,3.118
plate_2,RFP_3_plate_1,A5,2.88
plate_2,RFP_3_plate_1,A6,3.233
plate_2,RFP_3_plate_1,A7,2.944
plate_2,RFP_3_plate_1,A8,3.068
plate_2,RFP_3_plate_1,A9,3.522
plate_2,RFP_3_plate_1,A10,3.148
plate_2,RFP_3_plate_1,A11,3.114
plate_2,RFP_3_plate_1,A12,3.062
plate_2,RFP_3_plate_1,B1,18.363
plate_2,RFP_3_plate_1,B2,13.093
plate_2,RFP_3_plate_1,B3,3.233
plate_2,RFP_3_plate_1,B4,3.103
plate_2,RFP_3_plate_1,B5,2.981
plate_2,RFP_3_plate_1,B6,3.034
plate_2,RFP_3_plate_1,B7,2.839
plate_2,RFP_3_plate_1,B8,3.242
plate_2,RFP_3_plate_1,B9,2.699
plate_2,RFP_3_plate_1,B10,3.597
plate_2,RFP_3_plate_1,B11,2.638
plate_2,RFP_3_plate_1,B12,3.359
plate_2,RFP_3_plate_1,C1,15.565
plate_2,RFP_3_plate_1,C2,12.089
plate_2,RFP_3_plate_1,C3,3.344
plate_2,RFP_3_plate_1,C4,2.857
plate_2,RFP_3_plate_1,C5,3.451
plate_2,RFP_3_plate_1,C6,2.977
plate_2,RFP_3_plate_1,C7,2.97
plate_2,RFP_3_plate_1,C8,3.021
plate_2,RFP_3_plate_1,C9,3.029
plate_2,RFP_3_plate_1,C10,3.145
plate_2,RFP_3_plate_1,C11,3.296
plate_2,RFP_3_plate_1,C12,3.413
plate_2,RFP_3_plate_1,D1,18.515
plate_2,RFP_3_plate_1,D2,12.476
plate_2,RFP_3_plate_1,D3,3.402
plate_2,RFP_3_plate_1,D4,3.235
plate_2,RFP_3_plate_1,D5,3.155
plate_2,RFP_3_plate_1,D6,2.966
plate_2,RFP_3_plate_1,D7,3.282
plate_2,RFP_3_plate_1,D8,2.555
plate_2,RFP_3_plate_1,D9,3.148
plate_2,RFP_3_plate_1,D10,2.499
plate_2,RFP_3_plate_1,D11,2.959
plate_2,RFP_3_plate_1,D12,3.873
plate_2,RFP_3_plate_1,E1,15.082
plate_2,RFP_3_plate_1,E2,9.933
plate_2,RFP_3_plate_1,E3,3.56
plate_2,RFP_3_plate_1,E4,3.029
plate_2,RFP_3_plate_1,E5,2.805
plate_2,RFP_3_plate_1,E6,3.116
plate_2,RFP_3_plate_1,E7,2.895
plate_2,RFP_3_plate_1,E8,3.462
plate_2,RFP_3_plate_1,E9,2.935
plate_2,RFP_3_plate_1,E10,2.81
plate_2,RFP_3_plate_1,E11,2.851
plate_2,RFP_3_plate_1,E12,3.439
plate_2,RFP_3_plate_1,F1,21.642
plate_2,RFP_3_plate_1,F2,14.399
plate_2,RFP_3_plate_1,F3,4.975
plate_2,RFP_3_plate_1,F4,3.097
plate_2,RFP_3_plate_1,F5,3.053
plate_2,RFP_3_plate_1,F6,3.195
plate_2,RFP_3_plate_1,F7,3.575
plate_2,RFP_3_plate_1,F8,2.805
plate_2,RFP_3_plate_1,F9,3.123
plate_2,RFP_3_plate_1,F10,3.042
plate_2,RFP_3_plate_1,F11,2.753
plate_2,RFP_3_plate_1,F12,3.847
plate_2,RFP_3_plate_1,G1,23.246
plate_2,RFP_3_plate_1,G2,14.446
plate_2,RFP_3_plate_1,G3,3.199
plate_2,RFP_3_plate_1,G4,3.204
plate_2,RFP_3_plate_1,G5,2.931
plate_2,RFP_3_plate_1,G6,2.618
plate_2,RFP_3_plate_1,G7,2.801
plate_2,RFP_3_plate_1,G8,3.156
plate_2,RFP_3_plate_1,G9,3.114
plate_2,RFP_3_plate_1,G10,2.987
plate_2,RFP_3_plate_1,G11,3.004
plate_2,RFP_3_plate_1,G12,3.38
plate_2,RFP_3_plate_1,H1,23.995
plate_2,RFP_3_plate_1,H2,13.336
plate_2,RFP_3_plate_1,H3,3.914
plate_2,RFP_3_plate_1,H4,3.814
plate_2,RFP_3_plate_1,H5,2.919
plate_2,RFP_3_plate_1,H6,3.414
plate_2,RFP_3_plate_1,H7,3.11
plate_2,RFP_3_plate_1,H8,2.805
plate_2,RFP_3_plate_1,H9,2.756
plate_2,RFP_3_plate_1,H10,3.233
plate_2,RFP_3_plate_1,H11,3.193
plate_2,RFP_3_plate_1,H12,3.013
plate_3,RFP_1_plate_1_shaking,A1,17.461
plate_3,RFP_1_plate_1_shaking,A2,10.275
plate_3,RFP_1_plate_1_shaking,A3,4.558
plate_3,RFP_1_plate_1_shaking,A4,3.777
plate_3,RFP_1_plate_1_shaking,A5,3.809
plate_3,RFP_1_plate_1_shaking,A6,4.111
plate_3,RFP_1_plate_1_shaking,A7,3.106
plate_3,RFP_1_plate_1_shaking,A8,3.472
plate_3,RFP_1_plate_1_shaking,A9,2.815
plate_3,RFP_1_plate_1_shaking,A10,3.378
plate_3,RFP_1_plate_1_shaking,A11,3.342
plate_3,RFP_1_plate_1_shaking,A12,4.23
plate_3,RFP_1_plate_1_shaking,B1,18.705
plate_3,RFP_1_plate_1_shaking,B2,11.294
plate_3,RFP_1_plate_1_shaking,B3,4.145
plate_3,RFP_1_plate_1_shaking,B4,3.023
plate_3,RFP_1_plate_1_shaking,B5,3.753
plate_3,RFP_1_plate_1_shaking,B6,4.085
plate_3,RFP_1_plate_1_shaking,B7,3.226
plate_3,RFP_1_plate_1_shaking,B8,3.34
plate_3,RFP_1_plate_1_shaking,B9,3.756
plate_3,RFP_1_plate_1_shaking,B10,3.437
plate_3,RFP_1_plate_1_shaking,B11,3.588
plate_3,RFP_1_plate_1_shaking,B12,3.71
plate_3,RFP_1_plate_1_shaking,C1,18.984
plate_3,RFP_1_plate_1_shaking,C2,10.807
plate_3,RFP_1_plate_1_shaking,C3,3.986
plate_3,RFP_1_plate_1_shaking,C4,3.881
plate_3,RFP_1_plate_1_shaking,C5,3.511
plate_3,RFP_1_plate_1_shaking,C6,3.631
plate_3,RFP_1_plate_1_shaking,C7,3.153
plate_3,RFP_1_plate_1_shaking,C8,3.685
plate_3,RFP_1_plate_1_shaking,C9,3.349
plate_3,RFP_1_plate_1_shaking,C10,3.572
plate_3,RFP_1_plate_1_shaking,C11,3.331
plate_3,RFP_1_plate_1_shaking,C12,4.245
plate_3,RFP_1_plate_1_shaking,D1,16.891
plate_3,RFP_1_plate_1_shaking,D2,11.225
plate_3,RFP_1_plate_1_shaking,D3,3.95
plate_3,RFP_1_plate_1_shaking,D4,4.205
plate_3,RFP_1_plate_1_shaking,D5,3.644
plate_3,RFP_1_plate_1_shaking,D6,3.899
plate_3,RFP_1_plate_1_shaking,D7,3.416
plate_3,RFP_1_plate_1_shaking,D8,3.609
plate_3,RFP_1_plate_1_shaking,D9,3.051
plate_3,RFP_1_plate_1_shaking,D10,3.158
plate_3,RFP_1_plate_1_shaking,D11,3.204
plate_3,RFP_1_plate_1_shaking,D12,4.599
plate_3,RFP_1_plate_1_shaking,E1,17.691
plate_3,RFP_1_plate_1_shaking,E2,10.101
plate_3,RFP_1_plate_1_shaking,E3,3.764
plate_3,RFP_1_plate_1_shaking,E4,3.44
plate_3,RFP_1_plate_1_shaking,E5,3.991
plate_3,RFP_1_plate_1_shaking,E6,3.495
plate_3,RFP_1_plate_1_shaking,E7,3.677
plate_3,RFP_1_plate_1_shaking,E8,3.324
plate_3,RFP_1_plate_1_shaking,E9,3.302
plate_3,RFP_1_plate_1_shaking,E10,2.852
plate_3,RFP_1_plate_1_shaking,E11,3.52
plate_3,RFP_1_plate_1_shaking,E12,4.294
plate_3,RFP_1_plate_1_shaking,F1,17.713
plate_3,RFP_1_plate_1_shaking,F2,9.766
plate_3,RFP_1_plate_1_shaking,F3,4.399
plate_3,RFP_1_plate_1_shaking,F4,3.009
plate_3,RFP_1_plate_1_shaking,F5,3.427
plate_3,RFP_1_plate_1_shaking,F6,3.581
plate_3,RFP_1_plate_1_shaking,F7,3.733
plate_3,RFP_1_plate_1_shaking,F8,3.707
plate_3,RFP_1_plate_1_shaking,F9,2.964
plate_3,RFP_1_plate_1_shaking,F10,3.176
plate_3,RFP_1_plate_1_shaking,F11,3.509
plate_3,RFP_1_plate_1_shaking,F12,4.581
plate_3,RFP_1_plate_1_shaking,G1,19.354
plate_3,RFP_1_plate_1_shaking,G2,11.517
plate_3,RFP_1_plate_1_shaking,G3,4.06
plate_3,RFP_1_plate_1_shaking,G4,3.371
plate_3,RFP_1_plate_1_shaking,G5,3.402
plate_3,RFP_1_plate_1_shaking,G6,3.784
plate_3,RFP_1_plate_1_shaking,G7,2.722
plate_3,RFP_1_plate_1_shaking,G8,3.593
plate_3,RFP_1_plate_1_shaking,G9,3.583
plate_3,RFP_1_plate_1_shaking,G10,3.836
plate_3,RFP_1_plate_1_shaking,G11,3.256
plate_3,RFP_1_plate_1_shaking,G12,4.195
plate_3,RFP_1_plate_1_shaking,H1,17.668
plate_3,RFP_1_plate_1_shaking,H2,10.239
plate_3,RFP_1_plate_1_shaking,H3,3.902
plate_3,RFP_1_plate_1_shaking,H4,3.508
plate_3,RFP_1_plate_1_shaking,H5,3.309
plate_3,RFP_1_plate_1_shaking,H6,3.226
plate_3,RFP_1_plate_1_shaking,H7,3.542
plate_3,RFP_1_plate_1_shaking,H8,3.468
plate_3,RFP_1_plate_1_shaking,H9,3.035
plate_3,RFP_1_plate_1_shaking,H10,3.4
plate_3,RFP_1_plate_1_shaking,H11,3.665
plate_3,RFP_1_plate_1_shaking,H12,4.924
plate_4,RFP_2_plate_1,A1,15.54
plate_4,RFP_2_plate_1,A2,11.251
plate_4,RFP_2_plate_1,A3,3.324
plate_4,RFP_2_plate_1,A4,3.356
plate_4,RFP_2_plate_1,A5,2.977
plate_4,RFP_2_plate_1,A6,3.439
plate_4,RFP_2_plate_1,A7,3.051
plate_4,RFP_2_plate_1,A8,3.453
plate_4,RFP_2_plate_1,A9,3.098
plate_4,RFP_2_plate_1,A10,3.589
plate_4,RFP_2_plate_1,A11,3.258
plate_4,RFP_2_plate_1,A12,3.117
plate_4,RFP_2_plate_1,B1,14.89
plate_4,RFP_2_plate_1,B2,11.887
plate_4,RFP_2_plate_1,B3,3.53
plate_4,RFP_2_plate_1,B4,3.12
plate_4,RFP_2_plate_1,B5,3.116
plate_4,RFP_2_plate_1,B6,3.132
plate_4,RFP_2_plate_1,B7,2.976
plate_4,RFP_2_plate_1,B8,3.267
plate_4,RFP_2_plate_1,B9,2.903
plate_4,RFP_2_plate_1,B10,2.984
plate_4,RFP_2_plate_1,B11,3.146
plate_4,RFP_2_plate_1,B12,3.145
plate_4,RFP_2_plate_1,C1,16.362
plate_4,RFP_2_plate_1,C2,10.603
plate_4,RFP_2_plate_1,C3,3.5
plate_4,RFP_2_plate_1,C4,2.968
plate_4,RFP_2_plate_1,C5,2.995
plate_4,RFP_2_plate_1,C6,2.961
plate_4,RFP_2_plate_1,C7,3.062
plate_4,RFP_2_plate_1,C8,2.855
plate_4,RFP_2_plate_1,C9,2.755
plate_4,RFP_2_plate_1,C10,2.472
plate_4,RFP_2_plate_1,C11,2.881
plate_4,RFP_2_plate_1,C12,3.566
plate_4,RFP_2_plate_1,D1,15.639
plate_4,RFP_2_plate_1,D2,10.144
plate_4,RFP_2_plate_1,D3,3.404
plate_4,RFP_2_plate_1,D4,2.855
plate_4,RFP_2_plate_1,D5,2.82
plate_4,RFP_2_plate_1,D6,2.705
plate_4,RFP_2_plate_1,D7,2.586
plate_4,RFP_2_plate_1,D8,3.319
plate_4,RFP_2_plate_1,D9,3.065
plate_4,RFP_2_plate_1,D10,2.989
plate_4,RFP_2_plate_1,D11,3.066
plate_4,RFP_2_plate_1,D12,3.906
plate_4,RFP_2_plate_1,E1,16.666
plate_4,RFP_2_plate_1,E2,11.325
plate_4,RFP_2_plate_1,E3,3.79
plate_4,RFP_2_plate_1,E4,3.035
plate_4,RFP_2_plate_1,E5,3.449
plate_4,RFP_2_plate_1,E6,3.092
plate_4,RFP_2_plate_1,E7,3.684
plate_4,RFP_2_plate_1,E8,2.943
plate_4,RFP_2_plate_1,E9,3.434
plate_4,RFP_2_plate_1,E10,2.908
plate_4,RFP_2_plate_1,E11,2.933
plate_4,RFP_2_plate_1,E12,3.28
plate_4,RFP_2_plate_1,F1,17.859
plate_4,RFP_2_plate_1,F2,12.441
plate_4,RFP_2_plate_1,F3,3.625
plate_4,RFP_2_plate_1,F4,3.018
plate_4,RFP_2_plate_1,F5,3.242
plate_4,RFP_2_plate_1,F6,3.356
plate_4,RFP_2_plate_1,F7,2.725
plate_4,RFP_2_plate_1,F8,3.459
plate_4,RFP_2_plate_1,F9,2.554
plate_4,RFP_2_plate_1,F10,2.963
plate_4,RFP_2_plate_1,F11,2.996
plate_4,RFP_2_plate_1,F12,3.713
plate_4,RFP_2_plate_1,G1,22.811
plate_4,RFP_2_plate_1,G2,12.436
plate_4,RFP_2_plate_1,G3,3.962
plate_4,RFP_2_plate_1,G4,3.436
plate_4,RFP_2_plate_1,G5,3.008
plate_4,RFP_2_plate_1,G6,3.138
plate_4,RFP_2_plate_1,G7,2.902
plate_4,RFP_2_plate_1,G8,3.346
plate_4,RFP_2_plate_1,G9,3.327
plate_4,RFP_2_plate_1,G10,3.025
plate_4,RFP_2_plate_1,G11,2.866
plate_4,RFP_2_plate_1,G12,3.415
plate_4,RFP_2_plate_1,H1,26.757
plate_4,RFP_2_plate_1,H2,12.279
plate_4,RFP_2_plate_1,H3,4.201
plate_4,RFP_2_plate_1,H4,2.781
plate_4,RFP_2_plate_1,H5,2.909
plate_4,RFP_2_plate_1,H6,3.087
plate_4,RFP_2_plate_1,H7,2.74
plate_4,RFP_2_plate_1,H8,2.874
plate_4,RFP_2_plate_1,H9,3.081
plate_4,RFP_2_plate_1,H10,2.99
plate_4,RFP_2_plate_1,H11,2.908
plate_4,RFP_2_plate_1,H12,3.395
plate_5,RFP_3_plate_1,A1,16.397
plate_5,RFP_3_plate_1,A2,6.624
plate_5,RFP_3_plate_1,A3,4.341
plate_5,RFP_3_plate_1,A4,4.046
plate_5,RFP_3_plate_1,A5,3.937
plate_5,RFP_3_plate_1,A6,4.005
plate_5,RFP_3_plate_1,A7,3.537
plate_5,RFP_3_plate_1,A8,4.787
plate_5,RFP_3_plate_1,A9,4.206
plate_5,RFP_3_plate_1,A10,3.47
plate_5,RFP_3_plate_1,A11,4.471
plate_5,RFP_3_plate_1,A12,4.919
plate_5,RFP_3_plate_1,B1,15.635
plate_5,RFP_3_plate_1,B2,5.967
plate_5,RFP_3_plate_1,B3,4.011
plate_5,RFP_3_plate_1,B4,4.088
plate_5,RFP_3_plate_1,B5,4.171
plate_5,RFP_3_plate_1,B6,4.604
plate_5,RFP_3_plate_1,B7,4.311
plate_5,RFP_3_plate_1,B8,4.239
plate_5,RFP_3_plate_1,B9,4.236
plate_5,RFP_3_plate_1,B10,4.158
plate_5,RFP_3_plate_1,B11,3.59
plate_5,RFP_3_plate_1,B12,4.297
plate_5,RFP_3_plate_1,C1,20.744
plate_5,RFP_3_plate_1,C2,7.892
plate_5,RFP_3_plate_1,C3,4.658
plate_5,RFP_3_plate_1,C4,4.859
plate_5,RFP_3_plate_1,C5,4.196
plate_5,RFP_3_plate_1,C6,3.97
plate_5,RFP_3_plate_1,C7,4.298
plate_5,RFP_3_plate_1,C8,4.634
plate_5,RFP_3_plate_1,C9,4.643
plate_5,RFP_3_plate_1,C10,4.694
plate_5,RFP_3_plate_1,C11,4.488
plate_5,RFP_3_plate_1,C12,3.999
plate_5,RFP_3_plate_1,D1,22.192
plate_5,RFP_3_plate_1,D2,7.41
plate_5,RFP_3_plate_1,D3,4.925
plate_5,RFP_3_plate_1,D4,4.641
plate_5,RFP_3_plate_1,D5,4.062
plate_5,RFP_3_plate_1,D6,4.754
plate_5,RFP_3_plate_1,D7,4.413
plate_5,RFP_3_plate_1,D8,4.835
plate_5,RFP_3_plate_1,D9,4.214
plate_5,RFP_3_plate_1,D10,4.26
plate_5,RFP_3_plate_1,D11,3.774
plate_5,RFP_3_plate_1,D12,4.287
plate_5,RFP_3_plate_1,E1,19.666
plate_5,RFP_3_plate_1,E2,7.902
plate_5,RFP_3_plate_1,E3,4.703
plate_5,RFP_3_plate_1,E4,4.171
plate_5,RFP_3_plate_1,E5,4.109
plate_5,RFP_3_plate_1,E6,3.944
plate_5,RFP_3_plate_1,E7,4.007
plate_5,RFP_3_plate_1,E8,4.606
plate_5,RFP_3_plate_1,E9,4.69
plate_5,RFP_3_plate_1,E10,4.051
plate_5,RFP_3_plate_1,E11,4.205
plate_5,RFP_3_plate_1,E12,4.918
plate_5,RFP_3_plate_1,F1,21.261
plate_5,RFP_3_plate_1,F2,8.104
plate_5,RFP_3_plate_1,F3,3.779
plate_5,RFP_3_plate_1,F4,4.679
plate_5,RFP_3_plate_1,F5,3.791
plate_5,RFP_3_plate_1,F6,4.088
plate_5,RFP_3_plate_1,F7,4.506
plate_5,RFP_3_plate_1,F8,4.739
plate_5,RFP_3_plate_1,F9,4.779
plate_5,RFP_3_plate_1,F10,3.794
plate_5,RFP_3_plate_1,F11,4.357
plate_5,RFP_3_plate_1,F12,4.351
plate_5,RFP_3_plate_1,G1,19.662
plate_5,RFP_3_plate_1,G2,7.762
plate_5,RFP_3_plate_1,G3,3.73
plate_5,RFP_3_plate_1,G4,4.29
plate_5,RFP_3_plate_1,G5,4.454
plate_5,RFP_3_plate_1,G6,3.642
plate_5,RFP_3_plate_1,G7,3.908
plate_5,RFP_3_plate_1,G8,4.783
plate_5,RFP_3_plate_1,G9,4.692
plate_5,RFP_3_plate_1,G10,3.574
plate_5,RFP_3_plate_1,G11,3.746
plate_5,RFP_3_plate_1,G12,5.068
plate_5,RFP_3_plate_1,H1,20.571
plate_5,RFP_3_plate_1,H2,8.523
plate_5,RFP_3_plate_1,H3,4.009
plate_5,RFP_3_plate_1,H4,4.579
plate_5,RFP_3_plate_1,H5,3.884
plate_5,RFP_3_plate_1,H6,3.984
plate_5,RFP_3_plate_1,H7,3.8
plate_5,RFP_3_plate_1,H8,4.117
plate_5,RFP_3_plate_1,H9,4.72
plate_5,RFP_3_plate_1,H10,4.212
plate_5,RFP_3_plate_1,H11,3.902
plate_5,RFP_3_plate_1,H12,4.921
plate_6,RFP_1_plate_1_shaking,A1,17.031
plate_6,RFP_1_plate_1_shaking,A2,9.553
plate_6,RFP_1_plate_1_shaking,A3,3.822
plate_6,RFP_1_plate_1_shaking,A4,3.569
plate_6,RFP_1_plate_1_shaking,A5,3.385
plate_6,RFP_1_plate_1_shaking,A6,3.067
plate_6,RFP_1_plate_1_shaking,A7,3.05
plate_6,RFP_1_plate_1_shaking,A8,2.735
plate_6,RFP_1_plate_1_shaking,A9,3.483
plate_6,RFP_1_plate_1_shaking,A10,2.892
plate_6,RFP_1_plate_1_shaking,A11,3.087
plate_6,RFP_1_plate_1_shaking,A12,3.268
plate_6,RFP_1_plate_1_shaking,B1,20.625
plate_6,RFP_1_plate_1_shaking,B2,9.585
plate_6,RFP_1_plate_1_shaking,B3,3.844
plate_6,RFP_1_plate_1_shaking,B4,3.369
plate_6,RFP_1_plate_1_shaking,B5,2.95
plate_6,RFP_1_plate_1_shaking,B6,2.846
plate_6,RFP_1_plate_1_shaking,B7,2.925
plate_6,RFP_1_plate_1_shaking,B8,2.667
plate_6,RFP_1_plate_1_shaking,B9,3.554
plate_6,RFP_1_plate_1_shaking,B10,3.195
plate_6,RFP_1_plate_1_shaking,B11,2.789
plate_6,RFP_1_plate_1_shaking,B12,3.457
plate_6,RFP_1_plate_1_shaking,C1,17.285
plate_6,RFP_1_plate_1_shaking,C2,6.642
plate_6,RFP_1_plate_1_shaking,C3,3.963
plate_6,RFP_1_plate_1_shaking,C4,3.518
plate_6,RFP_1_plate_1_shaking,C5,3.06
plate_6,RFP_1_plate_1_shaking,C6,3.15
plate_6,RFP_1_plate_1_shaking,C7,2.643
plate_6,RFP_1_plate_1_shaking,C8,3.141
plate_6,RFP_1_plate_1_shaking,C9,3.105
plate_6,RFP_1_plate_1_shaking,C10,3.307
plate_6,RFP_1_plate_1_shaking,C11,2.881
plate_6,RFP_1_plate_1_shaking,C12,2.821
plate_6,RFP_1_plate_1_shaking,D1,17.768
plate_6,RFP_1_plate_1_shaking,D2,8.96
plate_6,RFP_1_plate_1_shaking,D3,3.327
plate_6,RFP_1_plate_1_shaking,D4,3.84
plate_6,RFP_1_plate_1_shaking,D5,3.202
plate_6,RFP_1_plate_1_shaking,D6,2.866
plate_6,RFP_1_plate_1_shaking,D7,2.973
plate_6,RFP_1_plate_1_shaking,D8,2.943
plate_6,RFP_1_plate_1_shaking,D9,3.014
plate_6,RFP_1_plate_1_shaking,D10,3.002
plate_6,RFP_1_plate_1_shaking,D11,2.869
plate_6,RFP_1_plate_1_shaking,D12,3.148
plate_6,RFP_1_plate_1_shaking,E1,18.202
plate_6,RFP_1_plate_1_shaking,E2,8.623
plate_6,RFP_1_plate_1_shaking,E3,3.384
plate_6,RFP_1_plate_1_shaking,E4,2.911
plate_6,RFP_1_plate_1_shaking,E5,3.225
plate_6,RFP_1_plate_1_shaking,E6,2.996
plate_6,RFP_1_plate_1_shaking,E7,2.646
plate_6,RFP_1_plate_1_shaking,E8,2.852
plate_6,RFP_1_plate_1_shaking,E9,2.455
plate_6,RFP_1_plate_1_shaking,E10,2.521
plate_6,RFP_1_plate_1_shaking,E11,2.528
plate_6,RFP_1_plate_1_shaking,E12,3.488
plate_6,RFP_1_plate_1_shaking,F1,16.887
plate_6,RFP_1_plate_1_shaking,F2,12.238
plate_6,RFP_1_plate_1_shaking,F3,3.512
plate_6,RFP_1_plate_1_shaking,F4,3.421
plate_6,RFP_1_plate_1_shaking,F5,2.808
plate_6,RFP_1_plate_1_shaking,F6,2.668
plate_6,RFP_1_plate_1_shaking,F7,2.554
plate_6,RFP_1_plate_1_shaking,F8,3.074
plate_6,RFP_1_plate_1_shaking,F9,3.258
plate_6,RFP_1_plate_1_shaking,F10,2.965
plate_6,RFP_1_plate_1_shaking,F11,3.107
plate_6,RFP_1_plate_1_shaking,F12,2.844
plate_6,RFP_1_plate_1_shaking,G1,23.752
plate_6,RFP_1_plate_1_shaking,G2,12.204
plate_6,RFP_1_plate_1_shaking,G3,3.814
plate_6,RFP_1_plate_1_shaking,G4,3.284
plate_6,RFP_1_plate_1_shaking,G5,2.734
plate_6,RFP_1_plate_1_shaking,G6,3.128
plate_6,RFP_1_plate_1_shaking,G7,2.922
plate_6,RFP_1_plate_1_shaking,G8,2.984
plate_6,RFP_1_plate_1_shaking,G9,3.176
plate_6,RFP_1_plate_1_shaking,G10,2.546
plate_6,RFP_1_plate_1_shaking,G11,2.933
plate_6,RFP_1_plate_1_shaking,G12,3.481
plate_6,RFP_1_plate_1_shaking,H1,22.467
plate_6,RFP_1_plate_1_shaking,H2,11.065
plate_6,RFP_1_plate_1_shaking,H3,4.168
plate_6,RFP_1_plate_1_shaking,H4,3.117
plate_6,RFP_1_plate_1_shaking,H5,2.739
plate_6,RFP_1_plate_1_shaking,H6,2.821
plate_6,RFP_1_plate_1_shaking,H7,3.16
plate_6,RFP_1_plate_1_shaking,H8,3.213
plate_6,RFP_1_plate_1_shaking,H9,2.669
plate_6,RFP_1_plate_1_shaking,H10,2.71
plate_6,RFP_1_plate_1_shaking,H11,2.981
plate_6,RFP_1_plate_1_shaking,H12,3.611
plate_7,RFP_2_plate_1,A1,18.644
plate_7,RFP_2_plate_1,A2,9.577
plate_7,RFP_2_plate_1,A3,4.601
plate_7,RFP_2_plate_1,A4,2.723
plate_7,RFP_2_plate_1,A5,3.034
plate_7,RFP_2_plate_1,A6,2.898
plate_7,RFP_2_plate_1,A7,2.914
plate_7,RFP_2_plate_1,A8,3.092
plate_7,RFP_2_plate_1,A9,2.706
plate_7,RFP_2_plate_1,A10,2.666
plate_7,RFP_2_plate_1,A11,2.796
plate_7,RFP_2_plate_1,A12,2.988
plate_7,RFP_2_plate_1,B1,18.089
plate_7,RFP_2_plate_1,B2,10.464
plate_7,RFP_2_plate_1,B3,3.5
plate_7,RFP_2_plate_1,B4,3.116
plate_7,RFP_2_plate_1,B5,2.448
plate_7,RFP_2_plate_1,B6,3.183
plate_7,RFP_2_plate_1,B7,3.185
plate_7,RFP_2_plate_1,B8,2.856
plate_7,RFP_2_plate_1,B9,2.825
plate_7,RFP_2_plate_1,B10,2.239
plate_7,RFP_2_plate_1,B11,2.652
plate_7,RFP_2_plate_1,B12,3.65
plate_7,RFP_2_plate_1,C1,17.186
plate_7,RFP_2_plate_1,C2,12.302
plate_7,RFP_2_plate_1,C3,4.101
plate_7,RFP_2_plate_1,C4,2.612
plate_7,RFP_2_plate_1,C5,2.853
plate_7,RFP_2_plate_1,C6,2.385
plate_7,RFP_2_plate_1,C7,2.456
plate_7,RFP_2_plate_1,C8,2.57
plate_7,RFP_2_plate_1,C9,3.341
plate_7,RFP_2_plate_1,C10,2.803
plate_7,RFP_2_plate_1,C11,2.622
plate_7,RFP_2_plate_1,C12,3.061
plate_7,RFP_2_plate_1,D1,15.705
plate_7,RFP_2_plate_1,D2,12.752
plate_7,RFP_2_plate_1,D3,3.98
plate_7,RFP_2_plate_1,D4,3.089
plate_7,RFP_2_plate_1,D5,2.483
plate_7,RFP_2_plate_1,D6,2.777
plate_7,RFP_2_plate_1,D7,2.958
plate_7,RFP_2_plate_1,D8,3.066
plate_7,RFP_2_plate_1,D9,2.998
plate_7,RFP_2_plate_1,D10,3.039
plate_7,RFP_2_plate_1,D11,2.891
plate_7,RFP_2_plate_1,D12,3.306
plate_7,RFP_2_plate_1,E1,18.03
plate_7,RFP_2_plate_1,E2,12.476
plate_7,RFP_2_plate_1,E3,4.613
plate_7,RFP_2_plate_1,E4,2.839
plate_7,RFP_2_plate_1,E5,2.992
plate_7,RFP_2_plate_1,E6,3.171
plate_7,RFP_2_plate_1,E7,2.981
plate_7,RFP_2_plate_1,E8,3.021
plate_7,RFP_2_plate_1,E9,3.229
plate_7,RFP_2_plate_1,E10,2.641
plate_7,RFP_2_plate_1,E11,3.084
plate_7,RFP_2_plate_1,E12,3.12
plate_7,RFP_2_plate_1,F1,20.394
plate_7,RFP_2_plate_1,F2,13.448
plate_7,RFP_2_plate_1,F3,5.108
plate_7,RFP_2_plate_1,F4,2.889
plate_7,RFP_2_plate_1,F5,2.466
plate_7,RFP_2_plate_1,F6,3.175
plate_7,RFP_2_plate_1,F7,2.418
plate_7,RFP_2_plate_1,F8,2.697
plate_7,RFP_2_plate_1,F9,2.915
plate_7,RFP_2_plate_1,F10,2.577
plate_7,RFP_2_plate_1,F11,2.24
plate_7,RFP_2_plate_1,F12,3.325
plate_7,RFP_2_plate_1,G1,21.77
plate_7,RFP_2_plate_1,G2,14.057
plate_7,RFP_2_plate_1,G3,3.994
plate_7,RFP_2_plate_1,G4,2.952
plate_7,RFP_2_plate_1,G5,2.515
plate_7,RFP_2_plate_1,G6,3.262
plate_7,RFP_2_plate_1,G7,3.197
plate_7,RFP_2_plate_1,G8,2.852
plate_7,RFP_2_plate_1,G9,2.948
plate_7,RFP_2_plate_1,G10,3.09
plate_7,RFP_2_plate_1,G11,2.669
plate_7,RFP_2_plate_1,G12,4.484
plate_7,RFP_2_plate_1,H1,23.493
plate_7,RFP_2_plate_1,H2,13.439
plate_7,RFP_2_plate_1,H3,4.144
plate_7,RFP_2_plate_1,H4,3.416
plate_7,RFP_2_plate_1,H5,2.79
plate_7,RFP_2_plate_1,H6,2.683
plate_7,RFP_2_plate_1,H7,2.743
plate_7,RFP_2_plate_1,H8,3.016
plate_7,RFP_2_plate_1,H9,3.208
plate_7,RFP_2_plate_1,H10,2.725
plate_7,RFP_2_plate_1,H11,3.057
plate_7,RFP_2_plate_1,H12,3.177
plate_8,RFP_3_plate_1,A1,14.517
plate_8,RFP_3_plate_1,A2,10.211
plate_8,RFP_3_plate_1,A3,4.257
plate_8,RFP_3_plate_1,A4,4.497
plate_8,RFP_3_plate_1,A5,3.803
plate_8,RFP_3_plate_1,A6,3.631
plate_8,RFP_3_plate_1,A7,2.974
plate_8,RFP_3_plate_1,A8,3.963
plate_8,RFP_3_plate_1,A9,3.101
plate_8,RFP_3_plate_1,A10,2.524
plate_8,RFP_3_plate_1,A11,2.991
plate_8,RFP_3_plate_1,A12,3.52
plate_8,RFP_3_plate_1,B1,16.204
plate_8,RFP_3_plate_1,B2,10.315
plate_8,RFP_3_plate_1,B3,3.691
plate_8,RFP_3_plate_1,B4,3.678
plate_8,RFP_3_plate_1,B5,3.822
plate_8,RFP_3_plate_1,B6,3.025
plate_8,RFP_3_plate_1,B7,3.4
plate_8,RFP_3_plate_1,B8,3.347
plate_8,RFP_3_plate_1,B9,2.402
plate_8,RFP_3_plate_1,B10,2.972
plate_8,RFP_3_plate_1,B11,3.685
plate_8,RFP_3_plate_1,B12,3.513
plate_8,RFP_3_plate_1,C1,15.087
plate_8,RFP_3_plate_1,C2,8.204
plate_8,RFP_3_plate_1,C3,3.843
plate_8,RFP_3_plate_1,C4,3.218
plate_8,RFP_3_plate_1,C5,3.596
plate_8,RFP_3_plate_1,C6,3.792
plate_8,RFP_3_plate_1,C7,2.877
plate_8,RFP_3_plate_1,C8,2.853
plate_8,RFP_3_plate_1,C9,3.422
plate_8,RFP_3_plate_1,C10,2.847
plate_8,RFP_3_plate_1,C11,3.36
plate_8,RFP_3_plate_1,C12,3.786
plate_8,RFP_3_plate_1,D1,18.349
plate_8,RFP_3_plate_1,D2,11.224
plate_8,RFP_3_plate_1,D3,3.967
plate_8,RFP_3_plate_1,D4,3.544
plate_8,RFP_3_plate_1,D5,3.383
plate_8,RFP_3_plate_1,D6,4.515
plate_8,RFP_3_plate_1,D7,3.073
plate_8,RFP_3_plate_1,D8,4.037
plate_8,RFP_3_plate_1,D9,3.076
plate_8,RFP_3_plate_1,D10,2.903
plate_8,RFP_3_plate_1,D11,3.402
plate_8,RFP_3_plate_1,D12,3.841
plate_8,RFP_3_plate_1,E1,20.654
plate_8,RFP_3_plate_1,E2,12.037
plate_8,RFP_3_plate_1,E3,4.705
plate_8,RFP_3_plate_1,E4,3.885
plate_8,RFP_3_plate_1,E5,3.846
plate_8,RFP_3_plate_1,E6,3.352
plate_8,RFP_3_plate_1,E7,3.607
plate_8,RFP_3_plate_1,E8,3.469
plate_8,RFP_3_plate_1,E9,3.316
plate_8,RFP_3_plate_1,E10,2.814
plate_8,RFP_3_plate_1,E11,2.982
plate_8,RFP_3_plate_1,E12,3.487
plate_8,RFP_3_plate_1,F1,22.518
plate_8,RFP_3_plate_1,F2,11.723
plate_8,RFP_3_plate_1,F3,5.119
plate_8,RFP_3_plate_1,F4,3.81
plate_8,RFP_3_plate_1,F5,3.413
plate_8,RFP_3_plate_1,F6,3.736
plate_8,RFP_3_plate_1,F7,3.215
plate_8,RFP_3_plate_1,F8,3.223
plate_8,RFP_3_plate_1,F9,3.556
plate_8,RFP_3_plate_1,F10,2.539
plate_8,RFP_3_plate_1,F11,3.494
plate_8,RFP_3_plate_1,F12,3.807
plate_8,RFP_3_plate_1,G1,21.518
plate_8,RFP_3_plate_1,G2,12.641
plate_8,RFP_3_plate_1,G3,4.77
plate_8,RFP_3_plate_1,G4,3.645
plate_8,RFP_3_plate_1,G5,3.277
plate_8,RFP_3_plate_1,G6,3.63
plate_8,RFP_3_plate_1,G7,3.005
plate_8,RFP_3_plate_1,G8,2.96
plate_8,RFP_3_plate_1,G9,5.512
plate_8,RFP_3_plate_1,G10,2.605
plate_8,RFP_3_plate_1,G11,3.011
plate_8,RFP_3_plate_1,G12,3.327
plate_8,RFP_3_plate_1,H1,26.721
plate_8,RFP_3_plate_1,H2,12.984
plate_8,RFP_3_plate_1,H3,4.962
plate_8,RFP_3_plate_1,H4,3.403
plate_8,RFP_3_plate_1,H5,3.123
plate_8,RFP_3_plate_1,H6,3.197
plate_8,RFP_3_plate_1,H7,3.532
plate_8,RFP_3_plate_1,H8,3.255
plate_8,RFP_3_plate_1,H9,3.474
plate_8,RFP_3_plate_1,H10,2.966
plate_8,RFP_3_plate_1,H11,3.322
plate_8,RFP_3_plate_1,H12,3.334
plate_9,RFP_1_plate_1_shaking,A1,15.724
plate_9,RFP_1_plate_1_shaking,A2,10.231
plate_9,RFP_1_plate_1_shaking,A3,4.05
plate_9,RFP_1_plate_1_shaking,A4,3.136
plate_9,RFP_1_plate_1_shaking,A5,3.373
plate_9,RFP_1_plate_1_shaking,A6,3.48
plate_9,RFP_1_plate_1_shaking,A7,3.277
plate_9,RFP_1_plate_1_shaking,A8,2.728
plate_9,RFP_1_plate_1_shaking,A9,2.808
plate_9,RFP_1_plate_1_shaking,A10,3.295
plate_9,RFP_1_plate_1_shaking,A11,3.149
plate_9,RFP_1_plate_1_shaking,A12,3.58
plate_9,RFP_1_plate_1_shaking,B1,16.219
plate_9,RFP_1_plate_1_shaking,B2,10.611
plate_9,RFP_1_plate_1_shaking,B3,3.725
plate_9,RFP_1_plate_1_shaking,B4,3.338
plate_9,RFP_1_plate_1_shaking,B5,2.32
plate_9,RFP_1_plate_1_shaking,B6,3.204
plate_9,RFP_1_plate_1_shaking,B7,2.633
plate_9,RFP_1_plate_1_shaking,B8,3.229
plate_9,RFP_1_plate_1_shaking,B9,3.087
plate_9,RFP_1_plate_1_shaking,B10,3.314
plate_9,RFP_1_plate_1_shaking,B11,2.709
plate_9,RFP_1_plate_1_shaking,B12,3.148
plate_9,RFP_1_plate_1_shaking,C1,16.278
plate_9,RFP_1_plate_1_shaking,C2,10.515
plate_9,RFP_1_plate_1_shaking,C3,3.826
plate_9,RFP_1_plate_1_shaking,C4,3.063
plate_9,RFP_1_plate_1_shaking,C5,2.809
plate_9,RFP_1_plate_1_shaking,C6,3.263
plate_9,RFP_1_plate_1_shaking,C7,2.708
plate_9,RFP_1_plate_1_shaking,C8,2.936
plate_9,RFP_1_plate_1_shaking,C9,2.584
plate_9,RFP_1_plate_1_shaking,C10,2.793
plate_9,RFP_1_plate_1_shaking,C11,2.493
plate_9,RFP_1_plate_1_shaking,C12,3.113
plate_9,RFP_1_plate_1_shaking,D1,18.622
plate_9,RFP_1_plate_1_shaking,D2,12.07
plate_9,RFP_1_plate_1_shaking,D3,3.923
plate_9,RFP_1_plate_1_shaking,D4,2.884
plate_9,RFP_1_plate_1_shaking,D5,2.861
plate_9,RFP_1_plate_1_shaking,D6,3.154
plate_9,RFP_1_plate_1_shaking,D7,2.669
plate_9,RFP_1_plate_1_shaking,D8,2.633
plate_9,RFP_1_plate_1_shaking,D9,2.855
plate_9,RFP_1_plate_1_shaking,D10,2.748
plate_9,RFP_1_plate_1_shaking,D11,3.059
plate_9,RFP_1_plate_1_shaking,D12,3.145
plate_9,RFP_1_plate_1_shaking,E1,18.722
plate_9,RFP_1_plate_1_shaking,E2,10.474
plate_9,RFP_1_plate_1_shaking,E3,3.522
plate_9,RFP_1_plate_1_shaking,E4,3.065
plate_9,RFP_1_plate_1_shaking,E5,2.718
plate_9,RFP_1_plate_1_shaking,E6,3.424
plate_9,RFP_1_plate_1_shaking,E7,2.506
plate_9,RFP_1_plate_1_shaking,E8,2.585
plate_9,RFP_1_plate_1_shaking,E9,2.545
plate_9,RFP_1_plate_1_shaking,E10,2.906
plate_9,RFP_1_plate_1_shaking,E11,2.342
plate_9,RFP_1_plate_1_shaking,E12,3.595
plate_9,RFP_1_plate_1_shaking,F1,22.714
plate_9,RFP_1_plate_1_shaking,F2,10.79
plate_9,RFP_1_plate_1_shaking,F3,3.878
plate_9,RFP_1_plate_1_shaking,F4,3.132
plate_9,RFP_1_plate_1_shaking,F5,3.443
plate_9,RFP_1_plate_1_shaking,F6,2.696
plate_9,RFP_1_plate_1_shaking,F7,2.884
plate_9,RFP_1_plate_1_shaking,F8,2.742
plate_9,RFP_1_plate_1_shaking,F9,2.747
plate_9,RFP_1_plate_1_shaking,F10,2.652
plate_9,RFP_1_plate_1_shaking,F11,3.032
plate_9,RFP_1_plate_1_shaking,F12,3.424
plate_9,RFP_1_plate_1_shaking,G1,19.408
plate_9,RFP_1_plate_1_shaking,G2,8.471
plate_9,RFP_1_plate_1_shaking,G3,3.523
plate_9,RFP_1_plate_1_shaking,G4,2.893
plate_9,RFP_1_plate_1_shaking,G5,2.877
plate_9,RFP_1_plate_1_shaking,G6,2.8
plate_9,RFP_1_plate_1_shaking,G7,2.808
plate_9,RFP_1_plate_1_shaking,G8,3.182
plate_9,RFP_1_plate_1_shaking,G9,2.971
plate_9,RFP_1_plate_1_shaking,G10,3.338
plate_9,RFP_1_plate_1_shaking,G11,2.748
plate_9,RFP_1_plate_1_shaking,G12,2.938
plate_9,RFP_1_plate_1_shaking,H1,20.18
plate_9,RFP_1_plate_1_shaking,H2,12.116
plate_9,RFP_1_plate_1_shaking,H3,4.698
plate_9,RFP_1_plate_1_shaking,H4,3.695
plate_9,RFP_1_plate_1_shaking,H5,3.221
plate_9,RFP_1_plate_1_shaking,H6,3.125
plate_9,RFP_1_plate_1_shaking,H7,2.69
plate_9,RFP_1_plate_1_shaking,H8,3.086
plate_9,RFP_1_plate_1_shaking,H9,2.795
plate_9,RFP_1_plate_1_shaking,H10,3.338
plate_9,RFP_1_plate_1_shaking,H11,3.034
plate_9,RFP_1_plate_1_shaking,H12,3.949
plate_10,RFP_2_plate_1,A1,20.146
plate_10,RFP_2_plate_1,A2,7.771
plate_10,RFP_2_plate_1,A3,4.208
plate_10,RFP_2_plate_1,A4,4.125
plate_10,RFP_2_plate_1,A5,3.663
plate_10,RFP_2_plate_1,A6,3.643
plate_10,RFP_2_plate_1,A7,4.166
plate_10,RFP_2_plate_1,A8,4.845
plate_10,RFP_2_plate_1,A9,3.902
plate_10,RFP_2_plate_1,A10,3.247
plate_10,RFP_2_plate_1,A11,3.811
plate_10,RFP_2_plate_1,A12,4.303
plate_10,RFP_2_plate_1,B1,19.597
plate_10,RFP_2_plate_1,B2,6.566
plate_10,RFP_2_plate_1,B3,4.1
plate_10,RFP_2_plate_1,B4,3.281
plate_10,RFP_2_plate_1,B5,3.476
plate_10,RFP_2_plate_1,B6,3.008
plate_10,RFP_2_plate_1,B7,3.035
plate_10,RFP_2_plate_1,B8,3.474
plate_10,RFP_2_plate_1,B9,3.296
plate_10,RFP_2_plate_1,B10,3.493
plate_10,RFP_2_plate_1,B11,2.99
plate_10,RFP_2_plate_1,B12,3.558
plate_10,RFP_2_plate_1,C1,17.289
plate_10,RFP_2_plate_1,C2,6.325
plate_10,RFP_2_plate_1,C3,4.171
plate_10,RFP_2_plate_1,C4,3.613
plate_10,RFP_2_plate_1,C5,4.233
plate_10,RFP_2_plate_1,C6,4.064
plate_10,RFP_2_plate_1,C7,3.505
plate_10,RFP_2_plate_1,C8,3.647
plate_10,RFP_2_plate_1,C9,3.123
plate_10,RFP_2_plate_1,C10,3.406
plate_10,RFP_2_plate_1,C11,2.735
plate_10,RFP_2_plate_1,C12,3.885
plate_10,RFP_2_plate_1,D1,18.652
plate_10,RFP_2_plate_1,D2,6.417
plate_10,RFP_2_plate_1,D3,3.799
plate_10,RFP_2_plate_1,D4,3.494
plate_10,RFP_2_plate_1,D5,3.535
plate_10,RFP_2_plate_1,D6,4.204
plate_10,RFP_2_plate_1,D7,4.178
plate_10,RFP_2_plate_1,D8,3.136
plate_10,RFP_2_plate_1,D9,3.603
plate_10,RFP_2_plate_1,D10,4.242
plate_10,RFP_2_plate_1,D11,3.217
plate_10,RFP_2_plate_1,D12,4.14
plate_10,RFP_2_plate_1,E1,18.532
plate_10,RFP_2_plate_1,E2,6.459
plate_10,RFP_2_plate_1,E3,4.142
plate_10,RFP_2_plate_1,E4,3.723
plate_10,RFP_2_plate_1,E5,3.964
plate_10,RFP_2_plate_1,E6,4.292
plate_10,RFP_2_plate_1,E7,3.926
plate_10,RFP_2_plate_1,E8,3.762
plate_10,RFP_2_plate_1,E9,3.249
plate_10,RFP_2_plate_1,E10,3.983
plate_10,RFP_2_plate_1,E11,3.43
plate_10,RFP_2_plate_1,E12,4.393
plate_10,RFP_2_plate_1,F1,20.548
plate_10,RFP_2_plate_1,F2,7.595
plate_10,RFP_2_plate_1,F3,3.815
plate_10,RFP_2_plate_1,F4,3.724
plate_10,RFP_2_plate_1,F5,3.666
plate_10,RFP_2_plate_1,F6,3.84
plate_10,RFP_2_plate_1,F7,4.254
plate_10,RFP_2_plate_1,F8,3.749
plate_10,RFP_2_plate_1,F9,3.398
plate_10,RFP_2_plate_1,F10,3.65
plate_10,RFP_2_plate_1,F11,3.338
plate_10,RFP_2_plate_1,F12,3.954
plate_10,RFP_2_plate_1,G1,19.973
plate_10,RFP_2_plate_1,G2,9.147
plate_10,RFP_2_plate_1,G3,4.36
plate_10,RFP_2_plate_1,G4,3.348
plate_10,RFP_2_plate_1,G5,3.143
plate_10,RFP_2_plate_1,G6,3.042
plate_10,RFP_2_plate_1,G7,3.507
plate_10,RFP_2_plate_1,G8,3.656
plate_10,RFP_2_plate_1,G9,3.156
plate_10,RFP_2_plate_1,G10,3.681
plate_10,RFP_2_plate_1,G11,3.532
plate_10,RFP_2_plate_1,G12,3.887
plate_10,RFP_2_plate_1,H1,22.232
plate_10,RFP_2_plate_1,H2,9.429
plate_10,RFP_2_plate_1,H3,4.589
plate_10,RFP_2_plate_1,H4,3.706
plate_10,RFP_2_plate_1,H5,3.051
plate_10,RFP_2_plate_1,H6,3.201
plate_10,RFP_2_plate_1,H7,3.111
plate_10,RFP_2_plate_1,H8,3.684
plate_10,RFP_2_plate_1,H9,3.329
plate_10,RFP_2_plate_1,H10,3.937
plate_10,RFP_2_plate_1,H11,3.505
plate_10,RFP_2_plate_1,H12,3.644
plate_11,RFP_3_plate_1,A1,17.857
plate_11,RFP_3_plate_1,A2,7.642
plate_11,RFP_3_plate_1,A3,3.497
plate_11,RFP_3_plate_1,A4,2.912
plate_11,RFP_3_plate_1,A5,3.054
plate_11,RFP_3_plate_1,A6,2.596
plate_11,RFP_3_plate_1,A7,2.851
plate_11,RFP_3_plate_1,A8,3.162
plate_11,RFP_3_plate_1,A9,3.494
plate_11,RFP_3_plate_1,A10,3.029
plate_11,RFP_3_plate_1,A11,2.962
plate_11,RFP_3_plate_1,A12,4.248
plate_11,RFP_3_plate_1,B1,17.52
plate_11,RFP_3_plate_1,B2,8.96
plate_11,RFP_3_plate_1,B3,4.563
plate_11,RFP_3_plate_1,B4,3.031
plate_11,RFP_3_plate_1,B5,3.188
plate_11,RFP_3_plate_1,B6,3.074
plate_11,RFP_3_plate_1,B7,3.198
plate_11,RFP_3_plate_1,B8,2.567
plate_11,RFP_3_plate_1,B9,2.715
plate_11,RFP_3_plate_1,B10,2.962
plate_11,RFP_3_plate_1,B11,3.075
plate_11,RFP_3_plate_1,B12,3.479
plate_11,RFP_3_plate_1,C1,18.195
plate_11,RFP_3_plate_1,C2,7.411
plate_11,RFP_3_plate_1,C3,3.1
plate_11,RFP_3_plate_1,C4,3.059
plate_11,RFP_3_plate_1,C5,3.409
plate_11,RFP_3_plate_1,C6,3.002
plate_11,RFP_3_plate_1,C7,2.987
plate_11,RFP_3_plate_1,C8,2.661
plate_11,RFP_3_plate_1,C9,2.726
plate_11,RFP_3_plate_1,C10,2.953
plate_11,RFP_3_plate_1,C11,3.056
plate_11,RFP_3_plate_1,C12,3.531
plate_11,RFP_3_plate_1,D1,17.931
plate_11,RFP_3_plate_1,D2,7.053
plate_11,RFP_3_plate_1,D3,3.206
plate_11,RFP_3_plate_1,D4,2.518
plate_11,RFP_3_plate_1,D5,3.083
plate_11,RFP_3_plate_1,D6,2.368
plate_11,RFP_3_plate_1,D7,2.869
plate_11,RFP_3_plate_1,D8,2.93
plate_11,RFP_3_plate_1,D9,3.07
plate_11,RFP_3_plate_1,D10,2.746
plate_11,RFP_3_plate_1,D11,2.937
plate_11,RFP_3_plate_1,D12,4.067
plate_11,RFP_3_plate_1,E1,18.992
plate_11,RFP_3_plate_1,E2,7.773
plate_11,RFP_3_plate_1,E3,2.968
plate_11,RFP_3_plate_1,E4,2.554
plate_11,RFP_3_plate_1,E5,3.093
plate_11,RFP_3_plate_1,E6,3.124
plate_11,RFP_3_plate_1,E7,3.204
plate_11,RFP_3_plate_1,E8,2.625
plate_11,RFP_3_plate_1,E9,3.244
plate_11,RFP_3_plate_1,E10,2.879
plate_11,RFP_3_plate_1,E11,3.186
plate_11,RFP_3_plate_1,E12,3.744
plate_11,RFP_3_plate_1,F1,19.278
plate_11,RFP_3_plate_1,F2,8.157
plate_11,RFP_3_plate_1,F3,3.486
plate_11,RFP_3_plate_1,F4,3.07
plate_11,RFP_3_plate_1,F5,3.049
plate_11,RFP_3_plate_1,F6,3.076
plate_11,RFP_3_plate_1,F7,2.716
plate_11,RFP_3_plate_1,F8,3.24
plate_11,RFP_3_plate_1,F9,2.701
plate_11,RFP_3_plate_1,F10,3.189
plate_11,RFP_3_plate_1,F11,3.471
plate_11,RFP_3_plate_1,F12,3.793
plate_11,RFP_3_plate_1,G1,19.517
plate_11,RFP_3_plate_1,G2,10.049
plate_11,RFP_3_plate_1,G3,4.098
plate_11,RFP_3_plate_1,G4,3.06
plate_11,RFP_3_plate_1,G5,3.597
plate_11,RFP_3_plate_1,G6,3.223
plate_11,RFP_3_plate_1,G7,2.844
plate_11,RFP_3_plate_1,G8,3.409
plate_11,RFP_3_plate_1,G9,3.249
plate_11,RFP_3_plate_1,G10,3.327
plate_11,RFP_3_plate_1,G11,3.04
plate_11,RFP_3_plate_1,G12,3.665
plate_11,RFP_3_plate_1,H1,18.858
plate_11,RFP_3_plate_1,H2,8.985
plate_11,RFP_3_plate_1,H3,4.141
plate_11,RFP_3_plate_1,H4,2.977
plate_11,RFP_3_plate_1,H5,2.927
plate_11,RFP_3_plate_1,H6,2.944
plate_11,RFP_3_plate_1,H7,2.986
plate_11,RFP_3_plate_1,H8,3.159
plate_11,RFP_3_plate_1,H9,3.236
plate_11,RFP_3_plate_1,H10,3.213
plate_11,RFP_3_plate_1,H11,2.976
plate_11,RFP_3_plate_1,H12,3.799
plate_12,RFP_1_plate_1_shaking,A1,17.816
plate_12,RFP_1_plate_1_shaking,A2,10.705
plate_12,RFP_1_plate_1_shaking,A3,3.251
plate_12,RFP_1_plate_1_shaking,A4,2.5
plate_12,RFP_1_plate_1_shaking,A5,3.254
plate_12,RFP_1_plate_1_shaking,A6,3.06
plate_12,RFP_1_plate_1_shaking,A7,3.102
plate_12,RFP_1_plate_1_shaking,A8,2.932
plate_12,RFP_1_plate_1_shaking,A9,3.31
plate_12,RFP_1_plate_1_shaking,A10,2.982
plate_12,RFP_1_plate_1_shaking,A11,2.997
plate_12,RFP_1_plate_1_shaking,A12,3.45
plate_12,RFP_1_plate_1_shaking,B1,17.453
plate_12,RFP_1_plate_1_shaking,B2,11.276
plate_12,RFP_1_plate_1_shaking,B3,3.25
plate_12,RFP_1_plate_1_shaking,B4,3.301
plate_12,RFP_1_plate_1_shaking,B5,2.616
plate_12,RFP_1_plate_1_shaking,B6,3.035
plate_12,RFP_1_plate_1_shaking,B7,2.56
plate_12,RFP_1_plate_1_shaking,B8,3.222
plate_12,RFP_1_plate_1_shaking,B9,2.87
plate_12,RFP_1_plate_1_shaking,B10,2.721
plate_12,RFP_1_plate_1_shaking,B11,3.005
plate_12,RFP_1_plate_1_shaking,B12,3.304
plate_12,RFP_1_plate_1_shaking,C1,18.565
plate_12,RFP_1_plate_1_shaking,C2,11.946
plate_12,RFP_1_plate_1_shaking,C3,3.226
plate_12,RFP_1_plate_1_shaking,C4,3.612
plate_12,RFP_1_plate_1_shaking,C5,3.366
plate_12,RFP_1_plate_1_shaking,C6,3.399
plate_12,RFP_1_plate_1_shaking,C7,2.727
plate_12,RFP_1_plate_1_shaking,C8,3.338
plate_12,RFP_1_plate_1_shaking,C9,2.747
plate_12,RFP_1_plate_1_shaking,C10,3.185
plate_12,RFP_1_plate_1_shaking,C11,2.74
plate_12,RFP_1_plate_1_shaking,C12,3.12
plate_12,RFP_1_plate_1_shaking,D1,19.673
plate_12,RFP_1_plate_1_shaking,D2,13.05
plate_12,RFP_1_plate_1_shaking,D3,3.441
plate_12,RFP_1_plate_1_shaking,D4,2.908
plate_12,RFP_1_plate_1_shaking,D5,3.004
plate_12,RFP_1_plate_1_shaking,D6,2.885
plate_12,RFP_1_plate_1_shaking,D7,2.987
plate_12,RFP_1_plate_1_shaking,D8,3.245
plate_12,RFP_1_plate_1_shaking,D9,2.733
plate_12,RFP_1_plate_1_shaking,D10,2.692
plate_12,RFP_1_plate_1_shaking,D11,2.742
plate_12,RFP_1_plate_1_shaking,D12,3.056
plate_12,RFP_1_plate_1_shaking,E1,19.33
plate_12,RFP_1_plate_1_shaking,E2,13.476
plate_12,RFP_1_plate_1_shaking,E3,4.037
plate_12,RFP_1_plate_1_shaking,E4,2.903
plate_12,RFP_1_plate_1_shaking,E5,2.982
plate_12,RFP_1_plate_1_shaking,E6,3.278
plate_12,RFP_1_plate_1_shaking,E7,2.897
plate_12,RFP_1_plate_1_shaking,E8,3.194
plate_12,RFP_1_plate_1_shaking,E9,2.683
plate_12,RFP_1_plate_1_shaking,E10,2.688
plate_12,RFP_1_plate_1_shaking,E11,3.081
plate_12,RFP_1_plate_1_shaking,E12,3.273
plate_12,RFP_1_plate_1_shaking,F1,18.259
plate_12,RFP_1_plate_1_shaking,F2,13.366
plate_12,RFP_1_plate_1_shaking,F3,3.63
plate_12,RFP_1_plate_1_shaking,F4,3.33
plate_12,RFP_1_plate_1_shaking,F5,3.383
plate_12,RFP_1_plate_1_shaking,F6,2.971
plate_12,RFP_1_plate_1_shaking,F7,2.897
plate_12,RFP_1_plate_1_shaking,F8,2.67
plate_12,RFP_1_plate_1_shaking,F9,3.117
plate_12,RFP_1_plate_1_shaking,F10,2.803
plate_12,RFP_1_plate_1_shaking,F11,2.922
plate_12,RFP_1_plate_1_shaking,F12,3.178
plate_12,RFP_1_plate_1_shaking,G1,19.197
plate_12,RFP_1_plate_1_shaking,G2,13.121
plate_12,RFP_1_plate_1_shaking,G3,3.118
plate_12,RFP_1_plate_1_shaking,G4,2.796
plate_12,RFP_1_plate_1_shaking,G5,3.356
plate_12,RFP_1_plate_1_shaking,G6,2.706
plate_12,RFP_1_plate_1_shaking,G7,3.082
plate_12,RFP_1_plate_1_shaking,G8,3.145
plate_12,RFP_1_plate_1_shaking,G9,2.726
plate_12,RFP_1_plate_1_shaking,G10,3.129
plate_12,RFP_1_plate_1_shaking,G11,2.721
plate_12,RFP_1_plate_1_shaking,G12,3.624
plate_12,RFP_1_plate_1_shaking,H1,19.11
plate_12,RFP_1_plate_1_shaking,H2,12.813
plate_12,RFP_1_plate_1_shaking,H3,3.441
plate_12,RFP_1_plate_1_shaking,H4,3.076
plate_12,RFP_1_plate_1_shaking,H5,2.448
plate_12,RFP_1_plate_1_shaking,H6,3.46
plate_12,RFP_1_plate_1_shaking,H7,2.716
plate_12,RFP_1_plate_1_shaking,H8,3.201
plate_12,RFP_1_plate_1_shaking,H9,2.921
plate_12,RFP_1_plate_1_shaking,H10,3.098
plate_12,RFP_1_plate_1_shaking,H11,3.393
plate_12,RFP_1_plate_1_shaking,H12,3.249
plate_13,RFP_2_plate_1,A1,16.408
plate_13,RFP_2_plate_1,A2,10.41
plate_13,RFP_2_plate_1,A3,4.203
plate_13,RFP_2_plate_1,A4,3.336
plate_13,RFP_2_plate_1,A5,3.655
plate_13,RFP_2_plate_1,A6,3.367
plate_13,RFP_2_plate_1,A7,3.268
plate_13,RFP_2_plate_1,A8,3.954
plate_13,RFP_2_plate_1,A9,3.139
plate_13,RFP_2_plate_1,A10,3.11
plate_13,RFP_2_plate_1,A11,3.52
plate_13,RFP_2_plate_1,A12,3.574
plate_13,RFP_2_plate_1,B1,15.834
plate_13,RFP_2_plate_1,B2,10.11
plate_13,RFP_2_plate_1,B3,3.42
plate_13,RFP_2_plate_1,B4,3.81
plate_13,RFP_2_plate_1,B5,3.217
plate_13,RFP_2_plate_1,B6,3.921
plate_13,RFP_2_plate_1,B7,3.723
plate_13,RFP_2_plate_1,B8,3.231
plate_13,RFP_2_plate_1,B9,3.382
plate_13,RFP_2_plate_1,B10,3.692
plate_13,RFP_2_plate_1,B11,2.78
plate_13,RFP_2_plate_1,B12,3.314
plate_13,RFP_2_plate_1,C1,17.215
plate_13,RFP_2_plate_1,C2,10.775
plate_13,RFP_2_plate_1,C3,3.834
plate_13,RFP_2_plate_1,C4,3.482
plate_13,RFP_2_plate_1,C5,3.093
plate_13,RFP_2_plate_1,C6,3.359
plate_13,RFP_2_plate_1,C7,3.402
plate_13,RFP_2_plate_1,C8,3.301
plate_13,RFP_2_plate_1,C9,3.498
plate_13,RFP_2_plate_1,C10,3.301
plate_13,RFP_2_plate_1,C11,3.16
plate_13,RFP_2_plate_1,C12,3.88
plate_13,RFP_2_plate_1,D1,16.704
plate_13,RFP_2_plate_1,D2,11.167
plate_13,RFP_2_plate_1,D3,4.475
plate_13,RFP_2_plate_1,D4,3.598
plate_13,RFP_2_plate_1,D5,2.875
plate_13,RFP_2_plate_1,D6,3.186
plate_13,RFP_2_plate_1,D7,3.107
plate_13,RFP_2_plate_1,D8,2.919
plate_13,RFP_2_plate_1,D9,3.32
plate_13,RFP_2_plate_1,D10,3.226
plate_13,RFP_2_plate_1,D11,3.697
plate_13,RFP_2_plate_1,D12,3.731
plate_13,RFP_2_plate_1,E1,17.152
plate_13,RFP_2_plate_1,E2,13.172
plate_13,RFP_2_plate_1,E3,4.328
plate_13,RFP_2_plate_1,E4,3.236
plate_13,RFP_2_plate_1,E5,3.509
plate_13,RFP_2_plate_1,E6,3.319
plate_13,RFP_2_plate_1,E7,3.435
plate_13,RFP_2_plate_1,E8,3.058
plate_13,RFP_2_plate_1,E9,2.965
plate_13,RFP_2_plate_1,E10,3.484
plate_13,RFP_2_plate_1,E11,3.622
plate_13,RFP_2_plate_1,E12,3.476
plate_13,RFP_2_plate_1,F1,17.594
plate_13,RFP_2_plate_1,F2,13.163
plate_13,RFP_2_plate_1,F3,4.099
plate_13,RFP_2_plate_1,F4,3.322
plate_13,RFP_2_plate_1,F5,3.117
plate_13,RFP_2_plate_1,F6,2.665
plate_13,RFP_2_plate_1,F7,3.265
plate_13,RFP_2_plate_1,F8,3.335
plate_13,RFP_2_plate_1,F9,2.947
plate_13,RFP_2_plate_1,F10,3.31
plate_13,RFP_2_plate_1,F11,3.237
plate_13,RFP_2_plate_1,F12,3.656
plate_13,RFP_2_plate_1,G1,17.929
plate_13,RFP_2_plate_1,G2,11.149
plate_13,RFP_2_plate_1,G3,4.207
plate_13,RFP_2_plate_1,G4,3.412
plate_13,RFP_2_plate_1,G5,3.843
plate_13,RFP_2_plate_1,G6,2.898
plate_13,RFP_2_plate_1,G7,3.264
plate_13,RFP_2_plate_1,G8,3.11
plate_13,RFP_2_plate_1,G9,2.978
plate_13,RFP_2_plate_1,G10,3.201
plate_13,RFP_2_plate_1,G11,2.845
plate_13,RFP_2_plate_1,G12,3.61
plate_13,RFP_2_plate_1,H1,18.059
plate_13,RFP_2_plate_1,H2,12.603
plate_13,RFP_2_plate_1,H3,4.003
plate_13,RFP_2_plate_1,H4,3.145
plate_13,RFP_2_plate_1,H5,3.461
plate_13,RFP_2_plate_1,H6,3.114
plate_13,RFP_2_plate_1,H7,3.056
plate_13,RFP_2_plate_1,H8,2.978
plate_13,RFP_2_plate_1,H9,3.176
plate_13,RFP_2_plate_1,H10,3.674
plate_13,RFP_2_plate_1,H11,3.521
plate_13,RFP_2_plate_1,H12,3.326
plate_14,RFP_3_plate_1,A1,13.934
plate_14,RFP_3_plate_1,A2,6.768
plate_14,RFP_3_plate_1,A3,2.888
plate_14,RFP_3_plate_1,A4,3.002
plate_14,RFP_3_plate_1,A5,2.843
plate_14,RFP_3_plate_1,A6,2.331
plate_14,RFP_3_plate_1,A7,2.864
plate_14,RFP_3_plate_1,A8,2.788
plate_14,RFP_3_plate_1,A9,2.516
plate_14,RFP_3_plate_1,A10,2.926
plate_14,RFP_3_plate_1,A11,2.68
plate_14,RFP_3_plate_1,A12,3.629
plate_14,RFP_3_plate_1,B1,12.252
plate_14,RFP_3_plate_1,B2,7.772
plate_14,RFP_3_plate_1,B3,2.853
plate_14,RFP_3_plate_1,B4,2.703
plate_14,RFP_3_plate_1,B5,3.194
plate_14,RFP_3_plate_1,B6,3.135
plate_14,RFP_3_plate_1,B7,3.267
plate_14,RFP_3_plate_1,B8,2.247
plate_14,RFP_3_plate_1,B9,2.758
plate_14,RFP_3_plate_1,B10,2.628
plate_14,RFP_3_plate_1,B11,2.637
plate_14,RFP_3_plate_1,B12,2.7
plate_14,RFP_3_plate_1,C1,13.254
plate_14,RFP_3_plate_1,C2,7.343
plate_14,RFP_3_plate_1,C3,2.992
plate_14,RFP_3_plate_1,C4,2.499
plate_14,RFP_3_plate_1,C5,2.843
plate_14,RFP_3_plate_1,C6,2.771
plate_14,RFP_3_plate_1,C7,2.497
plate_14,RFP_3_plate_1,C8,2.432
plate_14,RFP_3_plate_1,C9,2.979
plate_14,RFP_3_plate_1,C10,3.191
plate_14,RFP_3_plate_1,C11,2.523
plate_14,RFP_3_plate_1,C12,3.215
plate_14,RFP_3_plate_1,D1,11.937
plate_14,RFP_3_plate_1,D2,8.526
plate_14,RFP_3_plate_1,D3,3.232
plate_14,RFP_3_plate_1,D4,2.784
plate_14,RFP_3_plate_1,D5,2.434
plate_14,RFP_3_plate_1,D6,2.635
plate_14,RFP_3_plate_1,D7,2.696
plate_14,RFP_3_plate_1,D8,2.898
plate_14,RFP_3_plate_1,D9,2.932
plate_14,RFP_3_plate_1,D10,3.125
plate_14,RFP_3_plate_1,D11,2.485
plate_14,RFP_3_plate_1,D12,3.151
plate_14,RFP_3_plate_1,E1,15.806
plate_14,RFP_3_plate_1,E2,10.175
plate_14,RFP_3_plate_1,E3,3.194
plate_14,RFP_3_plate_1,E4,2.424
plate_14,RFP_3_plate_1,E5,2.689
plate_14,RFP_3_plate_1,E6,2.756
plate_14,RFP_3_plate_1,E7,3.081
plate_14,RFP_3_plate_1,E8,2.665
plate_14,RFP_3_plate_1,E9,2.599
plate_14,RFP_3_plate_1,E10,2.685
plate_14,RFP_3_plate_1,E11,3.098
plate_14,RFP_3_plate_1,E12,3.573
plate_14,RFP_3_plate_1,F1,15.441
plate_14,RFP_3_plate_1,F2,8.889
plate_14,RFP_3_plate_1,F3,3.413
plate_14,RFP_3_plate_1,F4,3.394
plate_14,RFP_3_plate_1,F5,2.425
plate_14,RFP_3_plate_1,F6,3.184
plate_14,RFP_3_plate_1,F7,2.977
plate_14,RFP_3_plate_1,F8,2.993
plate_14,RFP_3_plate_1,F9,2.564
plate_14,RFP_3_plate_1,F10,2.56
plate_14,RFP_3_plate_1,F11,2.678
plate_14,RFP_3_plate_1,F12,3.196
plate_14,RFP_3_plate_1,G1,15.146
plate_14,RFP_3_plate_1,G2,10.172
plate_14,RFP_3_plate_1,G3,3.861
plate_14,RFP_3_plate_1,G4,2.278
plate_14,RFP_3_plate_1,G5,3.131
plate_14,RFP_3_plate_1,G6,2.924
plate_14,RFP_3_plate_1,G7,2.412
plate_14,RFP_3_plate_1,G8,2.649
plate_14,RFP_3_plate_1,G9,2.901
plate_14,RFP_3_plate_1,G10,2.75
plate_14,RFP_3_plate_1,G11,2.729
plate_14,RFP_3_plate_1,G12,2.895
plate_14,RFP_3_plate_1,H1,16.188
plate_14,RFP_3_plate_1,H2,11.08
plate_14,RFP_3_plate_1,H3,3.022
plate_14,RFP_3_plate_1,H4,2.912
plate_14,RFP_3_plate_1,H5,2.928
plate_14,RFP_3_plate_1,H6,2.627
plate_14,RFP_3_plate_1,H7,2.732
plate_14,RFP_3_plate_1,H8,2.739
plate_14,RFP_3_plate_1,H9,2.645
plate_14,RFP_3_plate_1,H10,2.767
plate_14,RFP_3_plate_1,H11,2.685
plate_14,RFP_3_plate_1,H12,3.226
plate_15,RFP_1_plate_1_shaking,A1,14.992
plate_15,RFP_1_plate_1_shaking,A2,7.423
plate_15,RFP_1_plate_1_shaking,A3,3.384
plate_15,RFP_1_plate_1_shaking,A4,2.869
plate_15,RFP_1_plate_1_shaking,A5,3
plate_15,RFP_1_plate_1_shaking,A6,2.777
plate_15,RFP_1_plate_1_shaking,A7,2.793
plate_15,RFP_1_plate_1_shaking,A8,3.019
plate_15,RFP_1_plate_1_shaking,A9,2.614
plate_15,RFP_1_plate_1_shaking,A10,2.766
plate_15,RFP_1_plate_1_shaking,A11,2.821
plate_15,RFP_1_plate_1_shaking,A12,3.861
plate_15,RFP_1_plate_1_shaking,B1,14.951
plate_15,RFP_1_plate_1_shaking,B2,7.92
plate_15,RFP_1_plate_1_shaking,B3,3.985
plate_15,RFP_1_plate_1_shaking,B4,3.286
plate_15,RFP_1_plate_1_shaking,B5,3.001
plate_15,RFP_1_plate_1_shaking,B6,2.915
plate_15,RFP_1_plate_1_shaking,B7,2.982
plate_15,RFP_1_plate_1_shaking,B8,3.129
plate_15,RFP_1_plate_1_shaking,B9,2.366
plate_15,RFP_1_plate_1_shaking,B10,2.818
plate_15,RFP_1_plate_1_shaking,B11,3.194
plate_15,RFP_1_plate_1_shaking,B12,3.354
plate_15,RFP_1_plate_1_shaking,C1,14.957
plate_15,RFP_1_plate_1_shaking,C2,6.636
plate_15,RFP_1_plate_1_shaking,C3,3.472
plate_15,RFP_1_plate_1_shaking,C4,2.934
plate_15,RFP_1_plate_1_shaking,C5,2.758
plate_15,RFP_1_plate_1_shaking,C6,2.771
plate_15,RFP_1_plate_1_shaking,C7,2.647
plate_15,RFP_1_plate_1_shaking,C8,2.852
plate_15,RFP_1_plate_1_shaking,C9,2.155
plate_15,RFP_1_plate_1_shaking,C10,3
plate_15,RFP_1_plate_1_shaking,C11,2.531
plate_15,RFP_1_plate_1_shaking,C12,3.416
plate_15,RFP_1_plate_1_shaking,D1,14.035
plate_15,RFP_1_plate_1_shaking,D2,7.183
plate_15,RFP_1_plate_1_shaking,D3,3.646
plate_15,RFP_1_plate_1_shaking,D4,2.614
plate_15,RFP_1_plate_1_shaking,D5,2.584
plate_15,RFP_1_plate_1_shaking,D6,2.408
plate_15,RFP_1_plate_1_shaking,D7,2.912
plate_15,RFP_1_plate_1_shaking,D8,2.736
plate_15,RFP_1_plate_1_shaking,D9,2.385
plate_15,RFP_1_plate_1_shaking,D10,2.77
plate_15,RFP_1_plate_1_shaking,D11,2.886
plate_15,RFP_1_plate_1_shaking,D12,3.523
plate_15,RFP_1_plate_1_shaking,E1,14.958
plate_15,RFP_1_plate_1_shaking,E2,8.628
plate_15,RFP_1_plate_1_shaking,E3,3.749
plate_15,RFP_1_plate_1_shaking,E4,2.956
plate_15,RFP_1_plate_1_shaking,E5,3.116
plate_15,RFP_1_plate_1_shaking,E6,2.921
plate_15,RFP_1_plate_1_shaking,E7,2.83
plate_15,RFP_1_plate_1_shaking,E8,2.634
plate_15,RFP_1_plate_1_shaking,E9,3.029
plate_15,RFP_1_plate_1_shaking,E10,2.32
plate_15,RFP_1_plate_1_shaking,E11,2.939
plate_15,RFP_1_plate_1_shaking,E12,3.091
plate_15,RFP_1_plate_1_shaking,F1,18.584
plate_15,RFP_1_plate_1_shaking,F2,10.042
plate_15,RFP_1_plate_1_shaking,F3,3.996
plate_15,RFP_1_plate_1_shaking,F4,2.9
plate_15,RFP_1_plate_1_shaking,F5,2.795
plate_15,RFP_1_plate_1_shaking,F6,2.632
plate_15,RFP_1_plate_1_shaking,F7,2.544
plate_15,RFP_1_plate_1_shaking,F8,2.577
plate_15,RFP_1_plate_1_shaking,F9,2.676
plate_15,RFP_1_plate_1_shaking,F10,2.769
plate_15,RFP_1_plate_1_shaking,F11,2.528
plate_15,RFP_1_plate_1_shaking,F12,3.428
plate_15,RFP_1_plate_1_shaking,G1,15.398
plate_15,RFP_1_plate_1_shaking,G2,9.339
plate_15,RFP_1_plate_1_shaking,G3,3.847
plate_15,RFP_1_plate_1_shaking,G4,3.419
plate_15,RFP_1_plate_1_shaking,G5,2.678
plate_15,RFP_1_plate_1_shaking,G6,2.669
plate_15,RFP_1_plate_1_shaking,G7,2.702
plate_15,RFP_1_plate_1_shaking,G8,2.86
plate_15,RFP_1_plate_1_shaking,G9,3.13
plate_15,RFP_1_plate_1_shaking,G10,2.901
plate_15,RFP_1_plate_1_shaking,G11,2.644
plate_15,RFP_1_plate_1_shaking,G12,3.166
plate_15,RFP_1_plate_1_shaking,H1,23.576
plate_15,RFP_1_plate_1_shaking,H2,10.286
plate_15,RFP_1_plate_1_shaking,H3,4.869
plate_15,RFP_1_plate_1_shaking,H4,3.144
plate_15,RFP_1_plate_1_shaking,H5,2.794
plate_15,RFP_1_plate_1_shaking,H6,2.397
plate_15,RFP_1_plate_1_shaking,H7,2.362
plate_15,RFP_1_plate_1_shaking,H8,2.934
plate_15,RFP_1_plate_1_shaking,H9,2.874
plate_15,RFP_1_plate_1_shaking,H10,2.685
plate_15,RFP_1_plate_1_shaking,H11,2.849
plate_15,RFP_1_plate_1_shaking,H12,3.543
plate_16,RFP_2_plate_1,A1,15.778
plate_16,RFP_2_plate_1,A2,8.189
plate_16,RFP_2_plate_1,A3,3.889
plate_16,RFP_2_plate_1,A4,3.383
plate_16,RFP_2_plate_1,A5,3.631
plate_16,RFP_2_plate_1,A6,3.403
plate_16,RFP_2_plate_1,A7,3.669
plate_16,RFP_2_plate_1,A8,3.493
plate_16,RFP_2_plate_1,A9,3.11
plate_16,RFP_2_plate_1,A10,3.69
plate_16,RFP_2_plate_1,A11,3.42
plate_16,RFP_2_plate_1,A12,4.116
plate_16,RFP_2_plate_1,B1,15.352
plate_16,RFP_2_plate_1,B2,7.365
plate_16,RFP_2_plate_1,B3,3.679
plate_16,RFP_2_plate_1,B4,3.106
plate_16,RFP_2_plate_1,B5,3.494
plate_16,RFP_2_plate_1,B6,3.655
plate_16,RFP_2_plate_1,B7,3.482
plate_16,RFP_2_plate_1,B8,3.518
plate_16,RFP_2_plate_1,B9,3.193
plate_16,RFP_2_plate_1,B10,2.705
plate_16,RFP_2_plate_1,B11,3.876
plate_16,RFP_2_plate_1,B12,3.774
plate_16,RFP_2_plate_1,C1,16.284
plate_16,RFP_2_plate_1,C2,7.367
plate_16,RFP_2_plate_1,C3,3.447
plate_16,RFP_2_plate_1,C4,3.251
plate_16,RFP_2_plate_1,C5,2.646
plate_16,RFP_2_plate_1,C6,3.803
plate_16,RFP_2_plate_1,C7,3.024
plate_16,RFP_2_plate_1,C8,2.954
plate_16,RFP_2_plate_1,C9,3.367
plate_16,RFP_2_plate_1,C10,3.581
plate_16,RFP_2_plate_1,C11,3.383
plate_16,RFP_2_plate_1,C12,3.784
plate_16,RFP_2_plate_1,D1,14.941
plate_16,RFP_2_plate_1,D2,8.721
plate_16,RFP_2_plate_1,D3,4.12
plate_16,RFP_2_plate_1,D4,3.215
plate_16,RFP_2_plate_1,D5,3.274
plate_16,RFP_2_plate_1,D6,3.399
plate_16,RFP_2_plate_1,D7,3.205
plate_16,RFP_2_plate_1,D8,3.249
plate_16,RFP_2_plate_1,D9,3.49
plate_16,RFP_2_plate_1,D10,3.576
plate_16,RFP_2_plate_1,D11,3.715
plate_16,RFP_2_plate_1,D12,3.945
plate_16,RFP_2_plate_1,E1,15.939
plate_16,RFP_2_plate_1,E2,7.315
plate_16,RFP_2_plate_1,E3,3.217
plate_16,RFP_2_plate_1,E4,2.828
plate_16,RFP_2_plate_1,E5,2.798
plate_16,RFP_2_plate_1,E6,3.317
plate_16,RFP_2_plate_1,E7,2.984
plate_16,RFP_2_plate_1,E8,3.654
plate_16,RFP_2_plate_1,E9,3.369
plate_16,RFP_2_plate_1,E10,2.507
plate_16,RFP_2_plate_1,E11,3.243
plate_16,RFP_2_plate_1,E12,3.697
plate_16,RFP_2_plate_1,F1,17.246
plate_16,RFP_2_plate_1,F2,8.156
plate_16,RFP_2_plate_1,F3,4.05
plate_16,RFP_2_plate_1,F4,3.147
plate_16,RFP_2_plate_1,F5,3.818
plate_16,RFP_2_plate_1,F6,3.553
plate_16,RFP_2_plate_1,F7,2.567
plate_16,RFP_2_plate_1,F8,3.075
plate_16,RFP_2_plate_1,F9,2.95
plate_16,RFP_2_plate_1,F10,3.591
plate_16,RFP_2_plate_1,F11,3.562
plate_16,RFP_2_plate_1,F12,4.363
plate_16,RFP_2_plate_1,G1,17.612
plate_16,RFP_2_plate_1,G2,10.808
plate_16,RFP_2_plate_1,G3,3.82
plate_16,RFP_2_plate_1,G4,3.138
plate_16,RFP_2_plate_1,G5,3.8
plate_16,RFP_2_plate_1,G6,3.425
plate_16,RFP_2_plate_1,G7,3.221
plate_16,RFP_2_plate_1,G8,3.144
plate_16,RFP_2_plate_1,G9,2.958
plate_16,RFP_2_plate_1,G10,3.233
plate_16,RFP_2_plate_1,G11,2.872
plate_16,RFP_2_plate_1,G12,4.369
plate_16,RFP_2_plate_1,H1,18.486
plate_16,RFP_2_plate_1,H2,9.727
plate_16,RFP_2_plate_1,H3,3.461
plate_16,RFP_2_plate_1,H4,3.544
plate_16,RFP_2_plate_1,H5,2.753
plate_16,RFP_2_plate_1,H6,3.459
plate_16,RFP_2_plate_1,H7,2.761
plate_16,RFP_2_plate_1,H8,3.612
plate_16,RFP_2_plate_1,H9,3.15
plate_16,RFP_2_plate_1,H10,3.169
plate_16,RFP_2_plate_1,H11,2.933
plate_16,RFP_2_plate_1,H12,3.607
plate_17,RFP_3_plate_1,A1,12.736
plate_17,RFP_3_plate_1,A2,6.818
plate_17,RFP_3_plate_1,A3,3.608
plate_17,RFP_3_plate_1,A4,3.052
plate_17,RFP_3_plate_1,A5,3.306
plate_17,RFP_3_plate_1,A6,3.117
plate_17,RFP_3_plate_1,A7,2.42
plate_17,RFP_3_plate_1,A8,2.765
plate_17,RFP_3_plate_1,A9,2.834
plate_17,RFP_3_plate_1,A10,2.959
plate_17,RFP_3_plate_1,A11,2.767
plate_17,RFP_3_plate_1,A12,3.422
plate_17,RFP_3_plate_1,B1,12.422
plate_17,RFP_3_plate_1,B2,8.969
plate_17,RFP_3_plate_1,B3,3.708
plate_17,RFP_3_plate_1,B4,2.625
plate_17,RFP_3_plate_1,B5,3.042
plate_17,RFP_3_plate_1,B6,2.908
plate_17,RFP_3_plate_1,B7,2.5
plate_17,RFP_3_plate_1,B8,2.531
plate_17,RFP_3_plate_1,B9,2.782
plate_17,RFP_3_plate_1,B10,2.442
plate_17,RFP_3_plate_1,B11,2.293
plate_17,RFP_3_plate_1,B12,3.148
plate_17,RFP_3_plate_1,C1,12.4
plate_17,RFP_3_plate_1,C2,8.2
plate_17,RFP_3_plate_1,C3,3.436
plate_17,RFP_3_plate_1,C4,2.951
plate_17,RFP_3_plate_1,C5,3.183
plate_17,RFP_3_plate_1,C6,2.868
plate_17,RFP_3_plate_1,C7,2.875
plate_17,RFP_3_plate_1,C8,2.94
plate_17,RFP_3_plate_1,C9,2.488
plate_17,RFP_3_plate_1,C10,2.866
plate_17,RFP_3_plate_1,C11,2.836
plate_17,RFP_3_plate_1,C12,3.299
plate_17,RFP_3_plate_1,D1,11.096
plate_17,RFP_3_plate_1,D2,8.493
plate_17,RFP_3_plate_1,D3,2.715
plate_17,RFP_3_plate_1,D4,3.116
plate_17,RFP_3_plate_1,D5,2.637
plate_17,RFP_3_plate_1,D6,3.044
plate_17,RFP_3_plate_1,D7,2.304
plate_17,RFP_3_plate_1,D8,2.821
plate_17,RFP_3_plate_1,D9,2.616
plate_17,RFP_3_plate_1,D10,3.514
plate_17,RFP_3_plate_1,D11,2.786
plate_17,RFP_3_plate_1,D12,2.917
plate_17,RFP_3_plate_1,E1,12.665
plate_17,RFP_3_plate_1,E2,8.922
plate_17,RFP_3_plate_1,E3,3.112
plate_17,RFP_3_plate_1,E4,2.681
plate_17,RFP_3_plate_1,E5,2.804
plate_17,RFP_3_plate_1,E6,2.303
plate_17,RFP_3_plate_1,E7,2.736
plate_17,RFP_3_plate_1,E8,2.557
plate_17,RFP_3_plate_1,E9,2.544
plate_17,RFP_3_plate_1,E10,2.756
plate_17,RFP_3_plate_1,E11,2.821
plate_17,RFP_3_plate_1,E12,3.245
plate_17,RFP_3_plate_1,F1,15.414
plate_17,RFP_3_plate_1,F2,9.175
plate_17,RFP_3_plate_1,F3,3.629
plate_17,RFP_3_plate_1,F4,2.725
plate_17,RFP_3_plate_1,F5,3.056
plate_17,RFP_3_plate_1,F6,3.172
plate_17,RFP_3_plate_1,F7,2.662
plate_17,RFP_3_plate_1,F8,3.15
plate_17,RFP_3_plate_1,F9,2.984
plate_17,RFP_3_plate_1,F10,3.306
plate_17,RFP_3_plate_1,F11,2.975
plate_17,RFP_3_plate_1,F12,2.997
plate_17,RFP_3_plate_1,G1,14.586
plate_17,RFP_3_plate_1,G2,10.387
plate_17,RFP_3_plate_1,G3,3.874
plate_17,RFP_3_plate_1,G4,2.847
plate_17,RFP_3_plate_1,G5,2.809
plate_17,RFP_3_plate_1,G6,2.647
plate_17,RFP_3_plate_1,G7,2.414
plate_17,RFP_3_plate_1,G8,2.817
plate_17,RFP_3_plate_1,G9,2.942
plate_17,RFP_3_plate_1,G10,2.652
plate_17,RFP_3_plate_1,G11,2.465
plate_17,RFP_3_plate_1,G12,3.638
plate_17,RFP_3_plate_1,H1,15.68
plate_17,RFP_3_plate_1,H2,9.441
plate_17,RFP_3_plate_1,H3,3.435
plate_17,RFP_3_plate_1,H4,2.522
plate_17,RFP_3_plate_1,H5,2.89
plate_17,RFP_3_plate_1,H6,2.513
plate_17,RFP_3_plate_1,H7,2.834
plate_17,RFP_3_plate_1,H8,2.758
plate_17,RFP_3_plate_1,H9,2.976
plate_17,RFP_3_plate_1,H10,3.164
plate_17,RFP_3_plate_1,H11,2.988
plate_17,RFP_3_plate_1,H12,3.877
plate_18,RFP_1_plate_1_shaking,A1,18.295
plate_18,RFP_1_plate_1_shaking,A2,8.893
plate_18,RFP_1_plate_1_shaking,A3,3.684
plate_18,RFP_1_plate_1_shaking,A4,3.156
plate_18,RFP_1_plate_1_shaking,A5,3.012
plate_18,RFP_1_plate_1_shaking,A6,2.852
plate_18,RFP_1_plate_1_shaking,A7,3.13
plate_18,RFP_1_plate_1_shaking,A8,3.197
plate_18,RFP_1_plate_1_shaking,A9,3.446
plate_18,RFP_1_plate_1_shaking,A10,3.06
plate_18,RFP_1_plate_1_shaking,A11,2.779
plate_18,RFP_1_plate_1_shaking,A12,3.372
plate_18,RFP_1_plate_1_shaking,B1,16.753
plate_18,RFP_1_plate_1_shaking,B2,9.102
plate_18,RFP_1_plate_1_shaking,B3,3.287
plate_18,RFP_1_plate_1_shaking,B4,3.255
plate_18,RFP_1_plate_1_shaking,B5,2.993
plate_18,RFP_1_plate_1_shaking,B6,3.117
plate_18,RFP_1_plate_1_shaking,B7,3.214
plate_18,RFP_1_plate_1_shaking,B8,2.911
plate_18,RFP_1_plate_1_shaking,B9,3.11
plate_18,RFP_1_plate_1_shaking,B10,3.275
plate_18,RFP_1_plate_1_shaking,B11,3.606
plate_18,RFP_1_plate_1_shaking,B12,3.542
plate_18,RFP_1_plate_1_shaking,C1,18.034
plate_18,RFP_1_plate_1_shaking,C2,8.882
plate_18,RFP_1_plate_1_shaking,C3,3.854
plate_18,RFP_1_plate_1_shaking,C4,2.876
plate_18,RFP_1_plate_1_shaking,C5,2.963
plate_18,RFP_1_plate_1_shaking,C6,3.255
plate_18,RFP_1_plate_1_shaking,C7,2.731
plate_18,RFP_1_plate_1_shaking,C8,3.229
plate_18,RFP_1_plate_1_shaking,C9,3.282
plate_18,RFP_1_plate_1_shaking,C10,3.063
plate_18,RFP_1_plate_1_shaking,C11,2.877
plate_18,RFP_1_plate_1_shaking,C12,3.203
plate_18,RFP_1_plate_1_shaking,D1,20.399
plate_18,RFP_1_plate_1_shaking,D2,8.794
plate_18,RFP_1_plate_1_shaking,D3,4.255
plate_18,RFP_1_plate_1_shaking,D4,3.019
plate_18,RFP_1_plate_1_shaking,D5,3.136
plate_18,RFP_1_plate_1_shaking,D6,2.817
plate_18,RFP_1_plate_1_shaking,D7,3.105
plate_18,RFP_1_plate_1_shaking,D8,3.028
plate_18,RFP_1_plate_1_shaking,D9,2.569
plate_18,RFP_1_plate_1_shaking,D10,3.105
plate_18,RFP_1_plate_1_shaking,D11,3.188
plate_18,RFP_1_plate_1_shaking,D12,3.519
plate_18,RFP_1_plate_1_shaking,E1,17.959
plate_18,RFP_1_plate_1_shaking,E2,8.997
plate_18,RFP_1_plate_1_shaking,E3,3.948
plate_18,RFP_1_plate_1_shaking,E4,2.937
plate_18,RFP_1_plate_1_shaking,E5,3.48
plate_18,RFP_1_plate_1_shaking,E6,2.804
plate_18,RFP_1_plate_1_shaking,E7,2.656
plate_18,RFP_1_plate_1_shaking,E8,3.307
plate_18,RFP_1_plate_1_shaking,E9,2.573
plate_18,RFP_1_plate_1_shaking,E10,3.399
plate_18,RFP_1_plate_1_shaking,E11,3.046
plate_18,RFP_1_plate_1_shaking,E12,3.239
plate_18,RFP_1_plate_1_shaking,F1,18.987
plate_18,RFP_1_plate_1_shaking,F2,7.843
plate_18,RFP_1_plate_1_shaking,F3,3.533
plate_18,RFP_1_plate_1_shaking,F4,2.861
plate_18,RFP_1_plate_1_shaking,F5,2.963
plate_18,RFP_1_plate_1_shaking,F6,2.498
plate_18,RFP_1_plate_1_shaking,F7,2.977
plate_18,RFP_1_plate_1_shaking,F8,2.816
plate_18,RFP_1_plate_1_shaking,F9,3.104
plate_18,RFP_1_plate_1_shaking,F10,2.725
plate_18,RFP_1_plate_1_shaking,F11,2.781
plate_18,RFP_1_plate_1_shaking,F12,2.684
plate_18,RFP_1_plate_1_shaking,G1,16.12
plate_18,RFP_1_plate_1_shaking,G2,9.544
plate_18,RFP_1_plate_1_shaking,G3,4.041
plate_18,RFP_1_plate_1_shaking,G4,3.247
plate_18,RFP_1_plate_1_shaking,G5,2.559
plate_18,RFP_1_plate_1_shaking,G6,2.838
plate_18,RFP_1_plate_1_shaking,G7,2.864
plate_18,RFP_1_plate_1_shaking,G8,3.079
plate_18,RFP_1_plate_1_shaking,G9,2.971
plate_18,RFP_1_plate_1_shaking,G10,3.14
plate_18,RFP_1_plate_1_shaking,G11,3.399
plate_18,RFP_1_plate_1_shaking,G12,3.227
plate_18,RFP_1_plate_1_shaking,H1,16.897
plate_18,RFP_1_plate_1_shaking,H2,9.16
plate_18,RFP_1_plate_1_shaking,H3,3.812
plate_18,RFP_1_plate_1_shaking,H4,2.828
plate_18,RFP_1_plate_1_shaking,H5,2.749
plate_18,RFP_1_plate_1_shaking,H6,3.08
plate_18,RFP_1_plate_1_shaking,H7,2.999
plate_18,RFP_1_plate_1_shaking,H8,2.758
plate_18,RFP_1_plate_1_shaking,H9,3.098
plate_18,RFP_1_plate_1_shaking,H10,3.009
plate_18,RFP_1_plate_1_shaking,H11,3.505
plate_18,RFP_1_plate_1_shaking,H12,3.147
plate_19,RFP_2_plate_1,A1,14.914
plate_19,RFP_2_plate_1,A2,9.684
plate_19,RFP_2_plate_1,A3,3.354
plate_19,RFP_2_plate_1,A4,3.091
plate_19,RFP_2_plate_1,A5,3.073
plate_19,RFP_2_plate_1,A6,3.231
plate_19,RFP_2_plate_1,A7,3.097
plate_19,RFP_2_plate_1,A8,2.95
plate_19,RFP_2_plate_1,A9,2.942
plate_19,RFP_2_plate_1,A10,2.617
plate_19,RFP_2_plate_1,A11,2.814
plate_19,RFP_2_plate_1,A12,3.704
plate_19,RFP_2_plate_1,B1,15.377
plate_19,RFP_2_plate_1,B2,9.234
plate_19,RFP_2_plate_1,B3,3.075
plate_19,RFP_2_plate_1,B4,2.925
plate_19,RFP_2_plate_1,B5,2.7
plate_19,RFP_2_plate_1,B6,2.858
plate_19,RFP_2_plate_1,B7,2.724
plate_19,RFP_2_plate_1,B8,2.44
plate_19,RFP_2_plate_1,B9,2.911
plate_19,RFP_2_plate_1,B10,2.578
plate_19,RFP_2_plate_1,B11,2.304
plate_19,RFP_2_plate_1,B12,2.576
plate_19,RFP_2_plate_1,C1,14.98
plate_19,RFP_2_plate_1,C2,9.971
plate_19,RFP_2_plate_1,C3,3.138
plate_19,RFP_2_plate_1,C4,3.323
plate_19,RFP_2_plate_1,C5,2.454
plate_19,RFP_2_plate_1,C6,2.84
plate_19,RFP_2_plate_1,C7,2.963
plate_19,RFP_2_plate_1,C8,2.823
plate_19,RFP_2_plate_1,C9,2.147
plate_19,RFP_2_plate_1,C10,2.686
plate_19,RFP_2_plate_1,C11,2.359
plate_19,RFP_2_plate_1,C12,3.38
plate_19,RFP_2_plate_1,D1,15.536
plate_19,RFP_2_plate_1,D2,9.355
plate_19,RFP_2_plate_1,D3,3.118
plate_19,RFP_2_plate_1,D4,2.687
plate_19,RFP_2_plate_1,D5,2.538
plate_19,RFP_2_plate_1,D6,2.844
plate_19,RFP_2_plate_1,D7,2.603
plate_19,RFP_2_plate_1,D8,2.73
plate_19,RFP_2_plate_1,D9,2.794
plate_19,RFP_2_plate_1,D10,2.772
plate_19,RFP_2_plate_1,D11,2.487
plate_19,RFP_2_plate_1,D12,3.025
plate_19,RFP_2_plate_1,E1,16.097
plate_19,RFP_2_plate_1,E2,10.01
plate_19,RFP_2_plate_1,E3,3.371
plate_19,RFP_2_plate_1,E4,2.895
plate_19,RFP_2_plate_1,E5,2.673
plate_19,RFP_2_plate_1,E6,2.725
plate_19,RFP_2_plate_1,E7,2.568
plate_19,RFP_2_plate_1,E8,2.622
plate_19,RFP_2_plate_1,E9,2.507
plate_19,RFP_2_plate_1,E10,2.857
plate_19,RFP_2_plate_1,E11,2.345
plate_19,RFP_2_plate_1,E12,3.205
plate_19,RFP_2_plate_1,F1,16.802
plate_19,RFP_2_plate_1,F2,8.888
plate_19,RFP_2_plate_1,F3,3.569
plate_19,RFP_2_plate_1,F4,3.088
plate_19,RFP_2_plate_1,F5,2.935
plate_19,RFP_2_plate_1,F6,3.176
plate_19,RFP_2_plate_1,F7,3.035
plate_19,RFP_2_plate_1,F8,2.646
plate_19,RFP_2_plate_1,F9,2.79
plate_19,RFP_2_plate_1,F10,2.396
plate_19,RFP_2_plate_1,F11,2.979
plate_19,RFP_2_plate_1,F12,2.984
plate_19,RFP_2_plate_1,G1,21.313
plate_19,RFP_2_plate_1,G2,9.552
plate_19,RFP_2_plate_1,G3,2.86
plate_19,RFP_2_plate_1,G4,3.59
plate_19,RFP_2_plate_1,G5,2.734
plate_19,RFP_2_plate_1,G6,2.745
plate_19,RFP_2_plate_1,G7,3.059
plate_19,RFP_2_plate_1,G8,2.448
plate_19,RFP_2_plate_1,G9,2.577
plate_19,RFP_2_plate_1,G10,2.213
plate_19,RFP_2_plate_1,G11,2.856
plate_19,RFP_2_plate_1,G12,3.298
plate_19,RFP_2_plate_1,H1,16.648
plate_19,RFP_2_plate_1,H2,11.31
plate_19,RFP_2_plate_1,H3,3.662
plate_19,RFP_2_plate_1,H4,3.176
plate_19,RFP_2_plate_1,H5,2.826
plate_19,RFP_2_plate_1,H6,2.782
plate_19,RFP_2_plate_1,H7,2.653
plate_19,RFP_2_plate_1,H8,2.964
plate_19,RFP_2_plate_1,H9,2.486
plate_19,RFP_2_plate_1,H10,2.811
plate_19,RFP_2_plate_1,H11,2.542
plate_19,RFP_2_plate_1,H12,3.111
plate_20,RFP_3_plate_1,A1,18.426
plate_20,RFP_3_plate_1,A2,6.691
plate_20,RFP_3_plate_1,A3,3.636
plate_20,RFP_3_plate_1,A4,3.41
plate_20,RFP_3_plate_1,A5,3.278
plate_20,RFP_3_plate_1,A6,3.566
plate_20,RFP_3_plate_1,A7,3.216
plate_20,RFP_3_plate_1,A8,3.592
plate_20,RFP_3_plate_1,A9,3.826
plate_20,RFP_3_plate_1,A10,3.257
plate_20,RFP_3_plate_1,A11,3.215
plate_20,RFP_3_plate_1,A12,3.994
plate_20,RFP_3_plate_1,B1,16.935
plate_20,RFP_3_plate_1,B2,7.708
plate_20,RFP_3_plate_1,B3,3.638
plate_20,RFP_3_plate_1,B4,3.528
plate_20,RFP_3_plate_1,B5,3.298
plate_20,RFP_3_plate_1,B6,3.771
plate_20,RFP_3_plate_1,B7,3.198
plate_20,RFP_3_plate_1,B8,3.121
plate_20,RFP_3_plate_1,B9,3.872
plate_20,RFP_3_plate_1,B10,3.01
plate_20,RFP_3_plate_1,B11,2.727
plate_20,RFP_3_plate_1,B12,3.693
plate_20,RFP_3_plate_1,C1,16.361
plate_20,RFP_3_plate_1,C2,9.22
plate_20,RFP_3_plate_1,C3,4.191
plate_20,RFP_3_plate_1,C4,3.646
plate_20,RFP_3_plate_1,C5,3.673
plate_20,RFP_3_plate_1,C6,3.426
plate_20,RFP_3_plate_1,C7,2.724
plate_20,RFP_3_plate_1,C8,3.417
plate_20,RFP_3_plate_1,C9,3.117
plate_20,RFP_3_plate_1,C10,3.605
plate_20,RFP_3_plate_1,C11,2.852
plate_20,RFP_3_plate_1,C12,3.768
plate_20,RFP_3_plate_1,D1,16.256
plate_20,RFP_3_plate_1,D2,6.482
plate_20,RFP_3_plate_1,D3,4.022
plate_20,RFP_3_plate_1,D4,3.138
plate_20,RFP_3_plate_1,D5,3.244
plate_20,RFP_3_plate_1,D6,3.695
plate_20,RFP_3_plate_1,D7,3.028
plate_20,RFP_3_plate_1,D8,3.775
plate_20,RFP_3_plate_1,D9,4.498
plate_20,RFP_3_plate_1,D10,3.879
plate_20,RFP_3_plate_1,D11,3.016
plate_20,RFP_3_plate_1,D12,4.071
plate_20,RFP_3_plate_1,E1,17.592
plate_20,RFP_3_plate_1,E2,7.926
plate_20,RFP_3_plate_1,E3,3.32
plate_20,RFP_3_plate_1,E4,3.488
plate_20,RFP_3_plate_1,E5,3.478
plate_20,RFP_3_plate_1,E6,3.666
plate_20,RFP_3_plate_1,E7,3.274
plate_20,RFP_3_plate_1,E8,3.168
plate_20,RFP_3_plate_1,E9,3.845
plate_20,RFP_3_plate_1,E10,3.594
plate_20,RFP_3_plate_1,E11,2.978
plate_20,RFP_3_plate_1,E12,3.43
plate_20,RFP_3_plate_1,F1,19.15
plate_20,RFP_3_plate_1,F2,8.783
plate_20,RFP_3_plate_1,F3,3.695
plate_20,RFP_3_plate_1,F4,3.266
plate_20,RFP_3_plate_1,F5,3.249
plate_20,RFP_3_plate_1,F6,3.196
plate_20,RFP_3_plate_1,F7,3.305
plate_20,RFP_3_plate_1,F8,3.477
plate_20,RFP_3_plate_1,F9,4.002
plate_20,RFP_3_plate_1,F10,3.66
plate_20,RFP_3_plate_1,F11,2.967
plate_20,RFP_3_plate_1,F12,3.786
plate_20,RFP_3_plate_1,G1,19.794
plate_20,RFP_3_plate_1,G2,9.177
plate_20,RFP_3_plate_1,G3,3.679
plate_20,RFP_3_plate_1,G4,3.491
plate_20,RFP_3_plate_1,G5,3.815
plate_20,RFP_3_plate_1,G6,3.374
plate_20,RFP_3_plate_1,G7,3.005
plate_20,RFP_3_plate_1,G8,3.07
plate_20,RFP_3_plate_1,G9,3.039
plate_20,RFP_3_plate_1,G10,3.762
plate_20,RFP_3_plate_1,G11,2.759
plate_20,RFP_3_plate_1,G12,4.014
plate_20,RFP_3_plate_1,H1,20.788
plate_20,RFP_3_plate_1,H2,9.268
plate_20,RFP_3_plate_1,H3,3.618
plate_20,RFP_3_plate_1,H4,3.702
plate_20,RFP_3_plate_1,H5,3.049
plate_20,RFP_3_plate_1,H6,3.415
plate_20,RFP_3_plate_1,H7,2.75
plate_20,RFP_3_plate_1,H8,3.154
plate_20,RFP_3_plate_1,H9,3.095
plate_20,RFP_3_plate_1,H10,3.48
plate_20,RFP_3_plate_1,H11,2.626
plate_20,RFP_3_plate_1,H12,3.717
plate_21,RFP_1_plate_1_shaking,A1,14.398
plate_21,RFP_1_plate_1_shaking,A2,7.126
plate_21,RFP_1_plate_1_shaking,A3,3.309
plate_21,RFP_1_plate_1_shaking,A4,2.993
plate_21,RFP_1_plate_1_shaking,A5,2.646
plate_21,RFP_1_plate_1_shaking,A6,2.608
plate_21,RFP_1_plate_1_shaking,A7,3.014
plate_21,RFP_1_plate_1_shaking,A8,2.719
plate_21,RFP_1_plate_1_shaking,A9,2.881
plate_21,RFP_1_plate_1_shaking,A10,3.106
plate_21,RFP_1_plate_1_shaking,A11,2.582
plate_21,RFP_1_plate_1_shaking,A12,4.174
plate_21,RFP_1_plate_1_shaking,B1,13.356
plate_21,RFP_1_plate_1_shaking,B2,6.932
plate_21,RFP_1_plate_1_shaking,B3,2.783
plate_21,RFP_1_plate_1_shaking,B4,3.323
plate_21,RFP_1_plate_1_shaking,B5,2.233
plate_21,RFP_1_plate_1_shaking,B6,3.095
plate_21,RFP_1_plate_1_shaking,B7,2.772
plate_21,RFP_1_plate_1_shaking,B8,2.707
plate_21,RFP_1_plate_1_shaking,B9,2.771
plate_21,RFP_1_plate_1_shaking,B10,2.504
plate_21,RFP_1_plate_1_shaking,B11,2.671
plate_21,RFP_1_plate_1_shaking,B12,2.998
plate_21,RFP_1_plate_1_shaking,C1,15.802
plate_21,RFP_1_plate_1_shaking,C2,6.59
plate_21,RFP_1_plate_1_shaking,C3,2.862
plate_21,RFP_1_plate_1_shaking,C4,2.795
plate_21,RFP_1_plate_1_shaking,C5,2.408
plate_21,RFP_1_plate_1_shaking,C6,2.816
plate_21,RFP_1_plate_1_shaking,C7,2.573
plate_21,RFP_1_plate_1_shaking,C8,2.624
plate_21,RFP_1_plate_1_shaking,C9,2.599
plate_21,RFP_1_plate_1_shaking,C10,2.882
plate_21,RFP_1_plate_1_shaking,C11,2.419
plate_21,RFP_1_plate_1_shaking,C12,2.911
plate_21,RFP_1_plate_1_shaking,D1,17.101
plate_21,RFP_1_plate_1_shaking,D2,6.617
plate_21,RFP_1_plate_1_shaking,D3,3.193
plate_21,RFP_1_plate_1_shaking,D4,2.67
plate_21,RFP_1_plate_1_shaking,D5,2.82
plate_21,RFP_1_plate_1_shaking,D6,2.531
plate_21,RFP_1_plate_1_shaking,D7,3.13
plate_21,RFP_1_plate_1_shaking,D8,2.456
plate_21,RFP_1_plate_1_shaking,D9,2.483
plate_21,RFP_1_plate_1_shaking,D10,2.487
plate_21,RFP_1_plate_1_shaking,D11,2.42
plate_21,RFP_1_plate_1_shaking,D12,3.343
plate_21,RFP_1_plate_1_shaking,E1,16.746
plate_21,RFP_1_plate_1_shaking,E2,6.906
plate_21,RFP_1_plate_1_shaking,E3,3.154
plate_21,RFP_1_plate_1_shaking,E4,3.251
plate_21,RFP_1_plate_1_shaking,E5,2.257
plate_21,RFP_1_plate_1_shaking,E6,2.249
plate_21,RFP_1_plate_1_shaking,E7,2.696
plate_21,RFP_1_plate_1_shaking,E8,2.766
plate_21,RFP_1_plate_1_shaking,E9,2.243
plate_21,RFP_1_plate_1_shaking,E10,2.476
plate_21,RFP_1_plate_1_shaking,E11,2.282
plate_21,RFP_1_plate_1_shaking,E12,2.814
plate_21,RFP_1_plate_1_shaking,F1,15.52
plate_21,RFP_1_plate_1_shaking,F2,7.832
plate_21,RFP_1_plate_1_shaking,F3,2.947
plate_21,RFP_1_plate_1_shaking,F4,2.773
plate_21,RFP_1_plate_1_shaking,F5,2.578
plate_21,RFP_1_plate_1_shaking,F6,2.193
plate_21,RFP_1_plate_1_shaking,F7,2.259
plate_21,RFP_1_plate_1_shaking,F8,2.549
plate_21,RFP_1_plate_1_shaking,F9,2.13
plate_21,RFP_1_plate_1_shaking,F10,2.526
plate_21,RFP_1_plate_1_shaking,F11,2.531
plate_21,RFP_1_plate_1_shaking,F12,2.667
plate_21,RFP_1_plate_1_shaking,G1,17.978
plate_21,RFP_1_plate_1_shaking,G2,7.586
plate_21,RFP_1_plate_1_shaking,G3,3.183
plate_21,RFP_1_plate_1_shaking,G4,2.33
plate_21,RFP_1_plate_1_shaking,G5,2.891
plate_21,RFP_1_plate_1_shaking,G6,2.519
plate_21,RFP_1_plate_1_shaking,G7,2.778
plate_21,RFP_1_plate_1_shaking,G8,2.487
plate_21,RFP_1_plate_1_shaking,G9,3.133
plate_21,RFP_1_plate_1_shaking,G10,2.578
plate_21,RFP_1_plate_1_shaking,G11,2.76
plate_21,RFP_1_plate_1_shaking,G12,3.052
plate_21,RFP_1_plate_1_shaking,H1,18.345
plate_21,RFP_1_plate_1_shaking,H2,9.501
plate_21,RFP_1_plate_1_shaking,H3,3.286
plate_21,RFP_1_plate_1_shaking,H4,2.519
plate_21,RFP_1_plate_1_shaking,H5,2.78
plate_21,RFP_1_plate_1_shaking,H6,2.471
plate_21,RFP_1_plate_1_shaking,H7,2.652
plate_21,RFP_1_plate_1_shaking,H8,2.823
plate_21,RFP_1_plate_1_shaking,H9,2.42
plate_21,RFP_1_plate_1_shaking,H10,2.573
plate_21,RFP_1_plate_1_shaking,H11,2.78
plate_21,RFP_1_plate_1_shaking,H12,2.72
plate_22,RFP_2_plate_1,A1,16.328
plate_22,RFP_2_plate_1,A2,5.796
plate_22,RFP_2_plate_1,A3,3.318
plate_22,RFP_2_plate_1,A4,2.997
plate_22,RFP_2_plate_1,A5,3.369
plate_22,RFP_2_plate_1,A6,2.896
plate_22,RFP_2_plate_1,A7,3.45
plate_22,RFP_2_plate_1,A8,3.314
plate_22,RFP_2_plate_1,A9,3.157
plate_22,RFP_2_plate_1,A10,2.94
plate_22,RFP_2_plate_1,A11,2.873
plate_22,RFP_2_plate_1,A12,4.16
plate_22,RFP_2_plate_1,B1,15.423
plate_22,RFP_2_plate_1,B2,5.446
plate_22,RFP_2_plate_1,B3,3.212
plate_22,RFP_2_plate_1,B4,2.949
plate_22,RFP_2_plate_1,B5,2.944
plate_22,RFP_2_plate_1,B6,2.631
plate_22,RFP_2_plate_1,B7,2.609
plate_22,RFP_2_plate_1,B8,3.333
plate_22,RFP_2_plate_1,B9,3.019
plate_22,RFP_2_plate_1,B10,3.061
plate_22,RFP_2_plate_1,B11,3.321
plate_22,RFP_2_plate_1,B12,3.911
plate_22,RFP_2_plate_1,C1,16.528
plate_22,RFP_2_plate_1,C2,6.077
plate_22,RFP_2_plate_1,C3,3.416
plate_22,RFP_2_plate_1,C4,3.456
plate_22,RFP_2_plate_1,C5,3.134
plate_22,RFP_2_plate_1,C6,3.475
plate_22,RFP_2_plate_1,C7,2.948
plate_22,RFP_2_plate_1,C8,3.086
plate_22,RFP_2_plate_1,C9,2.967
plate_22,RFP_2_plate_1,C10,2.677
plate_22,RFP_2_plate_1,C11,3.371
plate_22,RFP_2_plate_1,C12,2.998
plate_22,RFP_2_plate_1,D1,16.754
plate_22,RFP_2_plate_1,D2,6.712
plate_22,RFP_2_plate_1,D3,3.321
plate_22,RFP_2_plate_1,D4,3.156
plate_22,RFP_2_plate_1,D5,2.817
plate_22,RFP_2_plate_1,D6,3.074
plate_22,RFP_2_plate_1,D7,2.724
plate_22,RFP_2_plate_1,D8,2.915
plate_22,RFP_2_plate_1,D9,2.773
plate_22,RFP_2_plate_1,D10,3.047
plate_22,RFP_2_plate_1,D11,3.087
plate_22,RFP_2_plate_1,D12,3.708
plate_22,RFP_2_plate_1,E1,18.132
plate_22,RFP_2_plate_1,E2,7.802
plate_22,RFP_2_plate_1,E3,3.245
plate_22,RFP_2_plate_1,E4,3.415
plate_22,RFP_2_plate_1,E5,2.822
plate_22,RFP_2_plate_1,E6,3.255
plate_22,RFP_2_plate_1,E7,2.987
plate_22,RFP_2_plate_1,E8,2.972
plate_22,RFP_2_plate_1,E9,2.699
plate_22,RFP_2_plate_1,E10,2.718
plate_22,RFP_2_plate_1,E11,3.299
plate_22,RFP_2_plate_1,E12,3.268
plate_22,RFP_2_plate_1,F1,16.075
plate_22,RFP_2_plate_1,F2,8.075
plate_22,RFP_2_plate_1,F3,3.373
plate_22,RFP_2_plate_1,F4,2.682
plate_22,RFP_2_plate_1,F5,2.747
plate_22,RFP_2_plate_1,F6,2.352
plate_22,RFP_2_plate_1,F7,2.879
plate_22,RFP_2_plate_1,F8,2.971
plate_22,RFP_2_plate_1,F9,2.812
plate_22,RFP_2_plate_1,F10,3.083
plate_22,RFP_2_plate_1,F11,2.691
plate_22,RFP_2_plate_1,F12,3.232
plate_22,RFP_2_plate_1,G1,17.195
plate_22,RFP_2_plate_1,G2,8.635
plate_22,RFP_2_plate_1,G3,3.407
plate_22,RFP_2_plate_1,G4,2.902
plate_22,RFP_2_plate_1,G5,3.116
plate_22,RFP_2_plate_1,G6,3.347
plate_22,RFP_2_plate_1,G7,2.893
plate_22,RFP_2_plate_1,G8,3.251
plate_22,RFP_2_plate_1,G9,3.08
plate_22,RFP_2_plate_1,G10,3.053
plate_22,RFP_2_plate_1,G11,3.234
plate_22,RFP_2_plate_1,G12,3.32
plate_22,RFP_2_plate_1,H1,15.759
plate_22,RFP_2_plate_1,H2,6.702
plate_22,RFP_2_plate_1,H3,3.157
plate_22,RFP_2_plate_1,H4,3.058
plate_22,RFP_2_plate_1,H5,2.837
plate_22,RFP_2_plate_1,H6,2.749
plate_22,RFP_2_plate_1,H7,2.763
plate_22,RFP_2_plate_1,H8,2.929
plate_22,RFP_2_plate_1,H9,2.426
plate_22,RFP_2_plate_1,H10,3.357
plate_22,RFP_2_plate_1,H11,2.705
plate_22,RFP_2_plate_1,H12,3.257
plate_23,RFP_3_plate_1,A1,14.478
plate_23,RFP_3_plate_1,A2,8.664
plate_23,RFP_3_plate_1,A3,4.063
plate_23,RFP_3_plate_1,A4,2.935
plate_23,RFP_3_plate_1,A5,3.363
plate_23,RFP_3_plate_1,A6,2.974
plate_23,RFP_3_plate_1,A7,2.57
plate_23,RFP_3_plate_1,A8,2.618
plate_23,RFP_3_plate_1,A9,2.831
plate_23,RFP_3_plate_1,A10,2.915
plate_23,RFP_3_plate_1,A11,2.925
plate_23,RFP_3_plate_1,A12,3.162
plate_23,RFP_3_plate_1,B1,14.907
plate_23,RFP_3_plate_1,B2,7.486
plate_23,RFP_3_plate_1,B3,3.429
plate_23,RFP_3_plate_1,B4,2.727
plate_23,RFP_3_plate_1,B5,3.012
plate_23,RFP_3_plate_1,B6,2.584
plate_23,RFP_3_plate_1,B7,2.271
plate_23,RFP_3_plate_1,B8,2.574
plate_23,RFP_3_plate_1,B9,2.597
plate_23,RFP_3_plate_1,B10,2.412
plate_23,RFP_3_plate_1,B11,2.749
plate_23,RFP_3_plate_1,B12,3.529
plate_23,RFP_3_plate_1,C1,12.507
plate_23,RFP_3_plate_1,C2,6.828
plate_23,RFP_3_plate_1,C3,3.139
plate_23,RFP_3_plate_1,C4,2.427
plate_23,RFP_3_plate_1,C5,2.507
plate_23,RFP_3_plate_1,C6,2.455
plate_23,RFP_3_plate_1,C7,2.312
plate_23,RFP_3_plate_1,C8,2.326
plate_23,RFP_3_plate_1,C9,2.835
plate_23,RFP_3_plate_1,C10,2.775
plate_23,RFP_3_plate_1,C11,2.427
plate_23,RFP_3_plate_1,C12,3.386
plate_23,RFP_3_plate_1,D1,12.914
plate_23,RFP_3_plate_1,D2,6.702
plate_23,RFP_3_plate_1,D3,3.129
plate_23,RFP_3_plate_1,D4,2.28
plate_23,RFP_3_plate_1,D5,2.468
plate_23,RFP_3_plate_1,D6,2.607
plate_23,RFP_3_plate_1,D7,2.401
plate_23,RFP_3_plate_1,D8,2.371
plate_23,RFP_3_plate_1,D9,2.316
plate_23,RFP_3_plate_1,D10,2.726
plate_23,RFP_3_plate_1,D11,2.175
plate_23,RFP_3_plate_1,D12,3.32
plate_23,RFP_3_plate_1,E1,13.527
plate_23,RFP_3_plate_1,E2,6.779
plate_23,RFP_3_plate_1,E3,2.999
plate_23,RFP_3_plate_1,E4,2.066
plate_23,RFP_3_plate_1,E5,2.101
plate_23,RFP_3_plate_1,E6,2.227
plate_23,RFP_3_plate_1,E7,2.341
plate_23,RFP_3_plate_1,E8,2.51
plate_23,RFP_3_plate_1,E9,2.674
plate_23,RFP_3_plate_1,E10,2.442
plate_23,RFP_3_plate_1,E11,2.659
plate_23,RFP_3_plate_1,E12,2.58
plate_23,RFP_3_plate_1,F1,15.252
plate_23,RFP_3_plate_1,F2,9.318
plate_23,RFP_3_plate_1,F3,3.516
plate_23,RFP_3_plate_1,F4,2.389
plate_23,RFP_3_plate_1,F5,2.806
plate_23,RFP_3_plate_1,F6,2.151
plate_23,RFP_3_plate_1,F7,2.497
plate_23,RFP_3_plate_1,F8,2.503
plate_23,RFP_3_plate_1,F9,2.855
plate_23,RFP_3_plate_1,F10,2.859
plate_23,RFP_3_plate_1,F11,3.497
plate_23,RFP_3_plate_1,F12,3.244
plate_23,RFP_3_plate_1,G1,20.849
plate_23,RFP_3_plate_1,G2,8.568
plate_23,RFP_3_plate_1,G3,3.399
plate_23,RFP_3_plate_1,G4,2.672
plate_23,RFP_3_plate_1,G5,2.757
plate_23,RFP_3_plate_1,G6,2.434
plate_23,RFP_3_plate_1,G7,2.579
plate_23,RFP_3_plate_1,G8,2.609
plate_23,RFP_3_plate_1,G9,2.838
plate_23,RFP_3_plate_1,G10,2.567
plate_23,RFP_3_plate_1,G11,2.522
plate_23,RFP_3_plate_1,G12,3.29
plate_23,RFP_3_plate_1,H1,20.699
plate_23,RFP_3_plate_1,H2,9.871
plate_23,RFP_3_plate_1,H3,2.8
plate_23,RFP_3_plate_1,H4,2.408
plate_23,RFP_3_plate_1,H5,2.635
plate_23,RFP_3_plate_1,H6,2.327
plate_23,RFP_3_plate_1,H7,3.081
plate_23,RFP_3_plate_1,H8,2.615
plate_23,RFP_3_plate_1,H9,2.684
plate_23,RFP_3_plate_1,H10,2.428
plate_23,RFP_3_plate_1,H11,2.667
plate_23,RFP_3_plate_1,H12,3.022
